date,product_identifier,data_source,total_units,total_revenue
2026-01-01,10163011,blinkit,1.0,1970.0
2026-01-01,10163015,blinkit,21.0,25179.0
2026-01-01,10163019,blinkit,54.0,43146.0
2026-01-01,10163020,blinkit,74.0,65396.0
2026-01-01,10197331,blinkit,17.0,15283.0
2026-01-01,10197348,blinkit,1.0,899.0
2026-01-01,10235296,blinkit,16.0,14368.0
2026-01-01,10266546,blinkit,13.0,12987.0
2026-01-01,36658981,myntra,6.0,7190.0
2026-01-01,36659822,myntra,11.0,8790.0
2026-01-01,36659825,myntra,4.0,3600.0
2026-01-01,36659830,myntra,2.0,1800.0
2026-01-01,36659831,myntra,3.0,2700.0
2026-01-01,36659835,myntra,1.0,1970.0
2026-01-01,36659836,myntra,1.0,1600.0
2026-01-01,36660215,myntra,6.0,12000.0
2026-01-01,36660216,myntra,16.0,15200.0
2026-01-01,36921822,myntra,2.0,3500.0
2026-01-01,36921823,myntra,1.0,2150.0
2026-01-01,37206948,myntra,12.0,4440.0
2026-01-01,07e74fc5-7ecd-43d8-a3a8-6b6cd221026a,zepto,14.0,12026.0
2026-01-01,32680322-fb74-4724-90e6-5377faa630a3,zepto,4.0,1996.0
2026-01-01,3fa4c1a5-3183-4619-8774-491e2fd1008a,zepto,12.0,9588.0
2026-01-01,4343c39f-d3bd-4310-8f14-12505e74428b,zepto,2.0,1798.0
2026-01-01,517ff958-edff-405d-aad1-e1da1089243c,zepto,2.0,1798.0
2026-01-01,8c73352d-6fa5-4bb0-862c-32e173ecacc1,zepto,2.0,1998.0
2026-01-01,9e7b013e-5aff-4eb6-b474-ac94c392e348,zepto,4.0,3396.0
2026-01-01,INDEW00000003,nykaa,152.0,134631.97
2026-01-01,INDEW00000010,nykaa,40.0,44956.27
2026-01-01,INDEW00000011,nykaa,39.0,71364.32
2026-01-01,INDEW00000014,nykaa,55.0,40781.63
2026-01-01,INDEW00000015,nykaa,5.0,9327.36
2026-01-01,INDEW00000018,nykaa,11.0,8823.87
2026-01-01,INDEW00000019,nykaa,8.0,6256.18
2026-01-01,INDEW00000020,nykaa,3.0,5738.0
2026-01-01,INDEW00000022,nykaa,1.0,839.52
2026-01-01,INDEW00000023,nykaa,88.0,32328.49
2026-01-01,INDEW00000024,nykaa,16.0,7523.03
2026-01-01,INDEW00000026,nykaa,14.0,11849.05
2026-01-01,INDEW00000034,nykaa,13.0,11026.74
2026-01-01,INDEW00000035,nykaa,3.0,5583.36
2026-01-01,INDEW00000036,nykaa,7.0,5917.18
2026-01-01,INDEW00000042,nykaa,2.0,3137.81
2026-01-01,INDEW00000043,nykaa,45.0,48750.65
2026-01-01,INDEW00000044,nykaa,71.0,76848.54
2026-01-01,INDEW00000049,nykaa,35.0,34440.17
2026-01-01,c2ff7e40-7934-4be9-a386-7fd3df6b8c80,zepto,8.0,7184.0
2026-01-01,e4a7998c-9073-45a0-9d8c-a8747e811f06,zepto,1.0,355.0
2026-01-02,10163015,blinkit,23.0,27577.0
2026-01-02,10163019,blinkit,37.0,29563.0
2026-01-02,10163020,blinkit,77.0,68453.0
2026-01-02,10197331,blinkit,21.0,18879.0
2026-01-02,10197348,blinkit,4.0,3596.0
2026-01-02,10235296,blinkit,20.0,17960.0
2026-01-02,10266546,blinkit,16.0,15984.0
2026-01-02,36658981,myntra,9.0,10800.0
2026-01-02,36659822,myntra,5.0,4000.0
2026-01-02,36659825,myntra,4.0,3600.0
2026-01-02,36659830,myntra,3.0,2700.0
2026-01-02,36659831,myntra,2.0,1800.0
2026-01-02,36659836,myntra,1.0,1600.0
2026-01-02,36660215,myntra,13.0,26000.0
2026-01-02,36660216,myntra,22.0,20900.0
2026-01-02,36921823,myntra,2.0,4300.0
2026-01-02,37206948,myntra,13.0,4880.0
2026-01-02,37736866,myntra,2.0,2000.0
2026-01-02,07e74fc5-7ecd-43d8-a3a8-6b6cd221026a,zepto,27.0,23628.0
2026-01-02,32680322-fb74-4724-90e6-5377faa630a3,zepto,4.0,1996.0
2026-01-02,3fa4c1a5-3183-4619-8774-491e2fd1008a,zepto,12.0,9588.0
2026-01-02,4f4fc324-38a3-48c7-ac4c-f6cdd0201001,zepto,1.0,1970.0
2026-01-02,8c73352d-6fa5-4bb0-862c-32e173ecacc1,zepto,5.0,4995.0
2026-01-02,94930f70-e21f-4103-9bf8-9f3330478fa7,zepto,5.0,5995.0
2026-01-02,9e7b013e-5aff-4eb6-b474-ac94c392e348,zepto,1.0,849.0
2026-01-02,INDEW00000003,nykaa,182.0,161530.15000000002
2026-01-02,INDEW00000010,nykaa,52.0,58425.799999999996
2026-01-02,INDEW00000011,nykaa,47.0,86349.3
2026-01-02,INDEW00000014,nykaa,68.0,50853.09
2026-01-02,INDEW00000015,nykaa,9.0,16747.41
2026-01-02,INDEW00000018,nykaa,9.0,7170.13
2026-01-02,INDEW00000019,nykaa,8.0,6408.73
2026-01-02,INDEW00000020,nykaa,4.0,7566.54
2026-01-02,INDEW00000022,nykaa,2.0,1622.6
2026-01-02,INDEW00000023,nykaa,86.0,31827.4
2026-01-02,INDEW00000024,nykaa,16.0,7433.87
2026-01-02,INDEW00000026,nykaa,31.0,25704.1
2026-01-02,INDEW00000033,nykaa,2.0,3030.76
2026-01-02,INDEW00000034,nykaa,46.0,38768.41
2026-01-02,INDEW00000035,nykaa,5.0,9306.84
2026-01-02,INDEW00000036,nykaa,5.0,4624.81
2026-01-02,INDEW00000042,nykaa,4.0,6163.29
2026-01-02,INDEW00000043,nykaa,70.0,75378.07
2026-01-02,INDEW00000044,nykaa,89.0,95260.40000000001
2026-01-02,INDEW00000049,nykaa,32.0,31324.11
2026-01-02,c2ff7e40-7934-4be9-a386-7fd3df6b8c80,zepto,4.0,3592.0
2026-01-02,e4a7998c-9073-45a0-9d8c-a8747e811f06,zepto,3.0,1065.0
2026-01-03,10163011,blinkit,1.0,1970.0
2026-01-03,10163015,blinkit,32.0,38368.0
2026-01-03,10163019,blinkit,72.0,57528.0
2026-01-03,10163020,blinkit,147.0,132048.0
2026-01-03,10197331,blinkit,22.0,19778.0
2026-01-03,10197348,blinkit,4.0,3596.0
2026-01-03,10235296,blinkit,21.0,18858.0
2026-01-03,10266546,blinkit,20.0,19980.0
2026-01-03,36658981,myntra,4.0,4800.0
2026-01-03,36659822,myntra,12.0,9590.0
2026-01-03,36659825,myntra,8.0,7190.0
2026-01-03,36659831,myntra,2.0,1800.0
2026-01-03,36660215,myntra,11.0,22000.0
2026-01-03,36660216,myntra,20.0,19000.0
2026-01-03,36921823,myntra,2.0,4300.0
2026-01-03,37206948,myntra,8.0,3060.0
2026-01-03,37736866,myntra,1.0,999.0
2026-01-03,07e74fc5-7ecd-43d8-a3a8-6b6cd221026a,zepto,44.0,39236.0
2026-01-03,32680322-fb74-4724-90e6-5377faa630a3,zepto,4.0,1996.0
2026-01-03,3fa4c1a5-3183-4619-8774-491e2fd1008a,zepto,18.0,14382.0
2026-01-03,566390e5-d7b4-44ab-86da-1778dafb8d73,zepto,1.0,899.0
2026-01-03,8c73352d-6fa5-4bb0-862c-32e173ecacc1,zepto,2.0,1998.0
2026-01-03,9e7b013e-5aff-4eb6-b474-ac94c392e348,zepto,5.0,4245.0
2026-01-03,INDEW00000003,nykaa,205.0,172242.17
2026-01-03,INDEW00000010,nykaa,49.0,52346.899999999994
2026-01-03,INDEW00000011,nykaa,66.0,114199.92
2026-01-03,INDEW00000014,nykaa,67.0,47436.37
2026-01-03,INDEW00000015,nykaa,5.0,8841.26
2026-01-03,INDEW00000018,nykaa,6.0,4504.68
2026-01-03,INDEW00000019,nykaa,12.0,9011.83
2026-01-03,INDEW00000020,nykaa,12.0,20149.61
2026-01-03,INDEW00000023,nykaa,73.0,27142.33
2026-01-03,INDEW00000024,nykaa,14.0,6548.43
2026-01-03,INDEW00000026,nykaa,35.0,27979.21
2026-01-03,INDEW00000034,nykaa,32.0,25404.46
2026-01-03,INDEW00000035,nykaa,4.0,7070.53
2026-01-03,INDEW00000036,nykaa,15.0,12289.45
2026-01-03,INDEW00000042,nykaa,3.0,4186.68
2026-01-03,INDEW00000043,nykaa,88.0,94759.01999999999
2026-01-03,INDEW00000044,nykaa,104.0,111528.23999999999
2026-01-03,INDEW00000049,nykaa,36.0,35453.05
2026-01-03,b3813904-2242-465e-b98c-73097e659bae,zepto,1.0,1970.0
2026-01-03,c2ff7e40-7934-4be9-a386-7fd3df6b8c80,zepto,5.0,4490.0
2026-01-03,e4a7998c-9073-45a0-9d8c-a8747e811f06,zepto,11.0,3905.0
2026-01-04,10163015,blinkit,31.0,37169.0
2026-01-04,10163019,blinkit,93.0,74307.0
2026-01-04,10163020,blinkit,175.0,156835.0
2026-01-04,10197331,blinkit,20.0,17980.0
2026-01-04,10197348,blinkit,1.0,899.0
2026-01-04,10235296,blinkit,24.0,21552.0
2026-01-04,10266546,blinkit,24.0,23976.0
2026-01-04,36658981,myntra,8.0,9590.0
2026-01-04,36659822,myntra,6.0,4790.0
2026-01-04,36659825,myntra,6.0,5390.0
2026-01-04,36659830,myntra,1.0,899.0
2026-01-04,36659836,myntra,1.0,1600.0
2026-01-04,36660215,myntra,19.0,38000.0
2026-01-04,36660216,myntra,22.0,20900.0
2026-01-04,36921822,myntra,2.0,3500.0
2026-01-04,36921823,myntra,1.0,2150.0
2026-01-04,37206948,myntra,23.0,8300.0
2026-01-04,37736866,myntra,3.0,3000.0
2026-01-04,07e74fc5-7ecd-43d8-a3a8-6b6cd221026a,zepto,39.0,33546.0
2026-01-04,32680322-fb74-4724-90e6-5377faa630a3,zepto,5.0,2495.0
2026-01-04,3fa4c1a5-3183-4619-8774-491e2fd1008a,zepto,20.0,15980.0
2026-01-04,8c73352d-6fa5-4bb0-862c-32e173ecacc1,zepto,3.0,2997.0
2026-01-04,94930f70-e21f-4103-9bf8-9f3330478fa7,zepto,5.0,5995.0
2026-01-04,9e7b013e-5aff-4eb6-b474-ac94c392e348,zepto,4.0,3396.0
2026-01-04,INDEW00000003,nykaa,240.0,201329.90999999997
2026-01-04,INDEW00000010,nykaa,63.0,66734.86
2026-01-04,INDEW00000011,nykaa,77.0,133628.14
2026-01-04,INDEW00000014,nykaa,73.0,51762.26
2026-01-04,INDEW00000015,nykaa,11.0,19118.78
2026-01-04,INDEW00000018,nykaa,6.0,4189.01
2026-01-04,INDEW00000019,nykaa,12.0,9041.36
2026-01-04,INDEW00000020,nykaa,3.0,5154.0
2026-01-04,INDEW00000023,nykaa,79.0,29286.47
2026-01-04,INDEW00000024,nykaa,16.0,7454.240000000001
2026-01-04,INDEW00000026,nykaa,24.0,19182.42
2026-01-04,INDEW00000035,nykaa,5.0,8680.76
2026-01-04,INDEW00000036,nykaa,11.0,9366.01
2026-01-04,INDEW00000042,nykaa,7.0,9594.29
2026-01-04,INDEW00000043,nykaa,70.0,75179.0
2026-01-04,INDEW00000044,nykaa,87.0,93587.08
2026-01-04,INDEW00000049,nykaa,47.0,46597.35
2026-01-04,b3813904-2242-465e-b98c-73097e659bae,zepto,4.0,7880.0
2026-01-04,c2ff7e40-7934-4be9-a386-7fd3df6b8c80,zepto,6.0,5388.0
2026-01-04,e4a7998c-9073-45a0-9d8c-a8747e811f06,zepto,11.0,3905.0
2026-01-05,10163015,blinkit,19.0,22781.0
2026-01-05,10163019,blinkit,55.0,43945.0
2026-01-05,10163020,blinkit,86.0,76784.0
2026-01-05,10197331,blinkit,17.0,15283.0
2026-01-05,10197348,blinkit,1.0,899.0
2026-01-05,10235296,blinkit,11.0,9878.0
2026-01-05,10266546,blinkit,13.0,12987.0
2026-01-05,36658981,myntra,5.0,6000.0
2026-01-05,36659822,myntra,5.0,4000.0
2026-01-05,36659825,myntra,1.0,899.0
2026-01-05,36659830,myntra,4.0,3600.0
2026-01-05,36659831,myntra,1.0,899.0
2026-01-05,36659835,myntra,1.0,1970.0
2026-01-05,36659836,myntra,1.0,1600.0
2026-01-05,36660215,myntra,9.0,18000.0
2026-01-05,36660216,myntra,18.0,17100.0
2026-01-05,36921822,myntra,1.0,1750.0
2026-01-05,07e74fc5-7ecd-43d8-a3a8-6b6cd221026a,zepto,25.0,21625.0
2026-01-05,32680322-fb74-4724-90e6-5377faa630a3,zepto,4.0,1996.0
2026-01-05,3fa4c1a5-3183-4619-8774-491e2fd1008a,zepto,10.0,7990.0
2026-01-05,4343c39f-d3bd-4310-8f14-12505e74428b,zepto,1.0,899.0
2026-01-05,4f4fc324-38a3-48c7-ac4c-f6cdd0201001,zepto,1.0,1970.0
2026-01-05,517ff958-edff-405d-aad1-e1da1089243c,zepto,1.0,899.0
2026-01-05,8c73352d-6fa5-4bb0-862c-32e173ecacc1,zepto,3.0,2997.0
2026-01-05,94930f70-e21f-4103-9bf8-9f3330478fa7,zepto,3.0,3597.0
2026-01-05,9e7b013e-5aff-4eb6-b474-ac94c392e348,zepto,9.0,7641.0
2026-01-05,INDEW00000003,nykaa,219.0,184010.17
2026-01-05,INDEW00000010,nykaa,52.0,55340.11
2026-01-05,INDEW00000011,nykaa,77.0,133616.01
2026-01-05,INDEW00000014,nykaa,69.0,48805.79
2026-01-05,INDEW00000015,nykaa,3.0,5092.93
2026-01-05,INDEW00000018,nykaa,10.0,7547.49
2026-01-05,INDEW00000019,nykaa,12.0,9099.91
2026-01-05,INDEW00000020,nykaa,4.0,6672.27
2026-01-05,INDEW00000023,nykaa,69.0,25553.88
2026-01-05,INDEW00000024,nykaa,13.0,6013.78
2026-01-05,INDEW00000026,nykaa,35.0,27482.3
2026-01-05,INDEW00000035,nykaa,3.0,5106.74
2026-01-05,INDEW00000036,nykaa,15.0,12833.36
2026-01-05,INDEW00000042,nykaa,4.0,5462.84
2026-01-05,INDEW00000043,nykaa,70.0,75372.78
2026-01-05,INDEW00000044,nykaa,96.0,103451.18000000001
2026-01-05,INDEW00000049,nykaa,34.0,33473.27
2026-01-05,b3813904-2242-465e-b98c-73097e659bae,zepto,2.0,3940.0
2026-01-05,c2ff7e40-7934-4be9-a386-7fd3df6b8c80,zepto,3.0,2694.0
2026-01-05,e4a7998c-9073-45a0-9d8c-a8747e811f06,zepto,6.0,2130.0
2026-01-06,10163015,blinkit,17.0,20383.0
2026-01-06,10163019,blinkit,48.0,38352.0
2026-01-06,10163020,blinkit,93.0,83742.0
2026-01-06,10197331,blinkit,21.0,18879.0
2026-01-06,10197348,blinkit,3.0,2697.0
2026-01-06,10235296,blinkit,10.0,8980.0
2026-01-06,10266546,blinkit,14.0,13986.0
2026-01-06,36658981,myntra,6.0,7190.0
2026-01-06,36659822,myntra,7.0,5590.0
2026-01-06,36659825,myntra,4.0,3600.0
2026-01-06,36659830,myntra,4.0,3600.0
2026-01-06,36659831,myntra,3.0,2700.0
2026-01-06,36660215,myntra,8.0,16000.0
2026-01-06,36660216,myntra,20.0,19000.0
2026-01-06,36921822,myntra,3.0,5240.0
2026-01-06,36921823,myntra,2.0,4300.0
2026-01-06,37206948,myntra,3.0,1150.0
2026-01-06,37736866,myntra,4.0,4000.0
2026-01-06,07e74fc5-7ecd-43d8-a3a8-6b6cd221026a,zepto,26.0,22889.0
2026-01-06,32680322-fb74-4724-90e6-5377faa630a3,zepto,6.0,2994.0
2026-01-06,3fa4c1a5-3183-4619-8774-491e2fd1008a,zepto,7.0,5593.0
2026-01-06,4343c39f-d3bd-4310-8f14-12505e74428b,zepto,1.0,899.0
2026-01-06,8c73352d-6fa5-4bb0-862c-32e173ecacc1,zepto,1.0,999.0
2026-01-06,94930f70-e21f-4103-9bf8-9f3330478fa7,zepto,3.0,3597.0
2026-01-06,9e7b013e-5aff-4eb6-b474-ac94c392e348,zepto,2.0,1698.0
2026-01-06,INDEW00000003,nykaa,178.0,157775.89
2026-01-06,INDEW00000010,nykaa,50.0,56154.700000000004
2026-01-06,INDEW00000011,nykaa,50.0,91451.02
2026-01-06,INDEW00000014,nykaa,78.0,57827.15
2026-01-06,INDEW00000015,nykaa,8.0,14592.9
2026-01-06,INDEW00000018,nykaa,5.0,4035.0
2026-01-06,INDEW00000019,nykaa,6.0,4671.98
2026-01-06,INDEW00000020,nykaa,5.0,9547.81
2026-01-06,INDEW00000023,nykaa,76.0,28031.9
2026-01-06,INDEW00000024,nykaa,10.0,4622.02
2026-01-06,INDEW00000026,nykaa,34.0,28411.19
2026-01-06,INDEW00000033,nykaa,1.0,1519.0
2026-01-06,INDEW00000034,nykaa,12.0,9835.18
2026-01-06,INDEW00000035,nykaa,3.0,5046.99
2026-01-06,INDEW00000036,nykaa,10.0,9266.97
2026-01-06,INDEW00000042,nykaa,2.0,3027.02
2026-01-06,INDEW00000043,nykaa,57.0,60990.74
2026-01-06,INDEW00000044,nykaa,86.0,92413.1
2026-01-06,INDEW00000049,nykaa,7.0,6689.85
2026-01-06,b3813904-2242-465e-b98c-73097e659bae,zepto,1.0,1970.0
2026-01-06,c2ff7e40-7934-4be9-a386-7fd3df6b8c80,zepto,6.0,5388.0
2026-01-06,e4a7998c-9073-45a0-9d8c-a8747e811f06,zepto,3.0,1065.0
2026-01-07,10163011,blinkit,1.0,1970.0
2026-01-07,10163015,blinkit,27.0,32373.0
2026-01-07,10163019,blinkit,67.0,53533.0
2026-01-07,10163020,blinkit,107.0,95453.0
2026-01-07,10197331,blinkit,22.0,19778.0
2026-01-07,10197348,blinkit,1.0,899.0
2026-01-07,10235296,blinkit,12.0,10776.0
2026-01-07,10266546,blinkit,19.0,18981.0
2026-01-07,36658981,myntra,6.0,7190.0
2026-01-07,36659822,myntra,4.0,3200.0
2026-01-07,36659825,myntra,9.0,8090.0
2026-01-07,36659830,myntra,3.0,2700.0
2026-01-07,36659831,myntra,3.0,2700.0
2026-01-07,36660215,myntra,10.0,20000.0
2026-01-07,36660216,myntra,25.0,23700.0
2026-01-07,36921822,myntra,1.0,1750.0
2026-01-07,36921823,myntra,2.0,4300.0
2026-01-07,37736866,myntra,2.0,2000.0
2026-01-07,07e74fc5-7ecd-43d8-a3a8-6b6cd221026a,zepto,17.0,15293.0
2026-01-07,32680322-fb74-4724-90e6-5377faa630a3,zepto,2.0,998.0
2026-01-07,3fa4c1a5-3183-4619-8774-491e2fd1008a,zepto,14.0,11186.0
2026-01-07,4343c39f-d3bd-4310-8f14-12505e74428b,zepto,1.0,899.0
2026-01-07,566390e5-d7b4-44ab-86da-1778dafb8d73,zepto,3.0,2697.0
2026-01-07,8c73352d-6fa5-4bb0-862c-32e173ecacc1,zepto,5.0,4995.0
2026-01-07,94930f70-e21f-4103-9bf8-9f3330478fa7,zepto,5.0,5995.0
2026-01-07,9e7b013e-5aff-4eb6-b474-ac94c392e348,zepto,7.0,5943.0
2026-01-07,INDEW00000003,nykaa,170.0,144704.59
2026-01-07,INDEW00000010,nykaa,60.0,67446.56
2026-01-07,INDEW00000011,nykaa,61.0,112427.28
2026-01-07,INDEW00000014,nykaa,68.0,49218.99
2026-01-07,INDEW00000015,nykaa,2.0,3744.0
2026-01-07,INDEW00000018,nykaa,6.0,4477.52
2026-01-07,INDEW00000019,nykaa,5.0,4022.33
2026-01-07,INDEW00000020,nykaa,5.0,9628.06
2026-01-07,INDEW00000023,nykaa,69.0,25648.19
2026-01-07,INDEW00000024,nykaa,14.0,6538.97
2026-01-07,INDEW00000026,nykaa,25.0,20654.44
2026-01-07,INDEW00000034,nykaa,36.0,29983.75
2026-01-07,INDEW00000035,nykaa,6.0,11232.0
2026-01-07,INDEW00000036,nykaa,9.0,7490.69
2026-01-07,INDEW00000042,nykaa,4.0,6247.48
2026-01-07,INDEW00000043,nykaa,68.0,70060.22
2026-01-07,INDEW00000044,nykaa,92.0,95570.26
2026-01-07,INDEW00000049,nykaa,30.0,29451.39
2026-01-07,c2ff7e40-7934-4be9-a386-7fd3df6b8c80,zepto,4.0,3592.0
2026-01-07,e4a7998c-9073-45a0-9d8c-a8747e811f06,zepto,9.0,3195.0
2026-01-08,10163015,blinkit,19.0,22781.0
2026-01-08,10163019,blinkit,68.0,54332.0
2026-01-08,10163020,blinkit,87.0,77523.0
2026-01-08,10197331,blinkit,15.0,13485.0
2026-01-08,10235296,blinkit,7.0,6286.0
2026-01-08,10266546,blinkit,12.0,11988.0
2026-01-08,36658981,myntra,7.0,8390.0
2026-01-08,36659822,myntra,12.0,9590.0
2026-01-08,36659825,myntra,11.0,9890.0
2026-01-08,36659830,myntra,4.0,3600.0
2026-01-08,36660215,myntra,10.0,20000.0
2026-01-08,36660216,myntra,22.0,20900.0
2026-01-08,36921822,myntra,2.0,3500.0
2026-01-08,36921823,myntra,1.0,2150.0
2026-01-08,37206948,myntra,6.0,2170.0
2026-01-08,07e74fc5-7ecd-43d8-a3a8-6b6cd221026a,zepto,18.0,15717.0
2026-01-08,32680322-fb74-4724-90e6-5377faa630a3,zepto,1.0,499.0
2026-01-08,3fa4c1a5-3183-4619-8774-491e2fd1008a,zepto,12.0,9588.0
2026-01-08,4343c39f-d3bd-4310-8f14-12505e74428b,zepto,1.0,899.0
2026-01-08,4f4fc324-38a3-48c7-ac4c-f6cdd0201001,zepto,1.0,1970.0
2026-01-08,566390e5-d7b4-44ab-86da-1778dafb8d73,zepto,1.0,899.0
2026-01-08,8c73352d-6fa5-4bb0-862c-32e173ecacc1,zepto,2.0,1998.0
2026-01-08,94930f70-e21f-4103-9bf8-9f3330478fa7,zepto,4.0,4796.0
2026-01-08,9e7b013e-5aff-4eb6-b474-ac94c392e348,zepto,5.0,4245.0
2026-01-08,INDEW00000003,nykaa,189.0,155983.53
2026-01-08,INDEW00000010,nykaa,48.0,54048.46
2026-01-08,INDEW00000011,nykaa,56.0,102742.51
2026-01-08,INDEW00000014,nykaa,72.0,50811.47
2026-01-08,INDEW00000015,nykaa,7.0,13067.01
2026-01-08,INDEW00000018,nykaa,6.0,4818.72
2026-01-08,INDEW00000019,nykaa,6.0,4758.92
2026-01-08,INDEW00000020,nykaa,1.0,1908.6
2026-01-08,INDEW00000023,nykaa,67.0,24877.74
2026-01-08,INDEW00000024,nykaa,12.0,5592.5
2026-01-08,INDEW00000026,nykaa,19.0,15973.49
2026-01-08,INDEW00000034,nykaa,32.0,26396.9
2026-01-08,INDEW00000035,nykaa,5.0,9188.24
2026-01-08,INDEW00000036,nykaa,13.0,10589.48
2026-01-08,INDEW00000042,nykaa,1.0,1562.65
2026-01-08,INDEW00000043,nykaa,79.0,77327.1
2026-01-08,INDEW00000044,nykaa,100.0,99998.18
2026-01-08,INDEW00000049,nykaa,28.0,27528.57
2026-01-08,b3813904-2242-465e-b98c-73097e659bae,zepto,2.0,3940.0
2026-01-08,c2ff7e40-7934-4be9-a386-7fd3df6b8c80,zepto,2.0,1796.0
2026-01-08,e4a7998c-9073-45a0-9d8c-a8747e811f06,zepto,9.0,3195.0
2026-01-09,10163015,blinkit,21.0,25179.0
2026-01-09,10163019,blinkit,57.0,45543.0
2026-01-09,10163020,blinkit,122.0,107063.0
2026-01-09,10197331,blinkit,12.0,10788.0
2026-01-09,10197348,blinkit,1.0,899.0
2026-01-09,10235296,blinkit,16.0,14368.0
2026-01-09,10266546,blinkit,14.0,13986.0
2026-01-09,36658981,myntra,12.0,14400.0
2026-01-09,36659822,myntra,41.0,32800.0
2026-01-09,36659825,myntra,18.0,16200.0
2026-01-09,36659830,myntra,6.0,5390.0
2026-01-09,36659831,myntra,3.0,2700.0
2026-01-09,36659835,myntra,1.0,1970.0
2026-01-09,36659836,myntra,2.0,3200.0
2026-01-09,36660215,myntra,20.0,40000.0
2026-01-09,36660216,myntra,34.0,32300.0
2026-01-09,36921823,myntra,1.0,2150.0
2026-01-09,37206948,myntra,1.0,355.0
2026-01-09,37736866,myntra,4.0,4000.0
2026-01-09,07e74fc5-7ecd-43d8-a3a8-6b6cd221026a,zepto,20.0,17825.0
2026-01-09,32680322-fb74-4724-90e6-5377faa630a3,zepto,7.0,3493.0
2026-01-09,3fa4c1a5-3183-4619-8774-491e2fd1008a,zepto,11.0,8789.0
2026-01-09,4343c39f-d3bd-4310-8f14-12505e74428b,zepto,1.0,899.0
2026-01-09,4f4fc324-38a3-48c7-ac4c-f6cdd0201001,zepto,3.0,5910.0
2026-01-09,566390e5-d7b4-44ab-86da-1778dafb8d73,zepto,2.0,1798.0
2026-01-09,8c73352d-6fa5-4bb0-862c-32e173ecacc1,zepto,6.0,5994.0
2026-01-09,94930f70-e21f-4103-9bf8-9f3330478fa7,zepto,4.0,4796.0
2026-01-09,9e7b013e-5aff-4eb6-b474-ac94c392e348,zepto,1.0,849.0
2026-01-09,INDEW00000003,nykaa,167.0,138403.06999999998
2026-01-09,INDEW00000010,nykaa,34.0,38066.65
2026-01-09,INDEW00000011,nykaa,50.0,92423.89
2026-01-09,INDEW00000014,nykaa,55.0,40459.29
2026-01-09,INDEW00000015,nykaa,6.0,10724.91
2026-01-09,INDEW00000018,nykaa,4.0,3134.73
2026-01-09,INDEW00000019,nykaa,8.0,6403.34
2026-01-09,INDEW00000020,nykaa,3.0,5749.56
2026-01-09,INDEW00000023,nykaa,65.0,24217.93
2026-01-09,INDEW00000024,nykaa,12.0,5505.92
2026-01-09,INDEW00000026,nykaa,21.0,17846.49
2026-01-09,INDEW00000034,nykaa,37.0,30807.37
2026-01-09,INDEW00000035,nykaa,4.0,7021.15
2026-01-09,INDEW00000036,nykaa,10.0,8013.14
2026-01-09,INDEW00000042,nykaa,5.0,7781.63
2026-01-09,INDEW00000043,nykaa,71.0,69656.91
2026-01-09,INDEW00000044,nykaa,85.0,85078.82
2026-01-09,INDEW00000049,nykaa,30.0,29502.63
2026-01-09,b3813904-2242-465e-b98c-73097e659bae,zepto,1.0,1970.0
2026-01-09,c2ff7e40-7934-4be9-a386-7fd3df6b8c80,zepto,1.0,898.0
2026-01-09,e4a7998c-9073-45a0-9d8c-a8747e811f06,zepto,9.0,3195.0
2026-01-10,10163015,blinkit,28.0,33572.0
2026-01-10,10163019,blinkit,86.0,68714.0
2026-01-10,10163020,blinkit,147.0,130158.0
2026-01-10,10197331,blinkit,20.0,17980.0
2026-01-10,10197348,blinkit,4.0,3596.0
2026-01-10,10235296,blinkit,25.0,22450.0
2026-01-10,10266546,blinkit,10.0,9990.0
2026-01-10,36658981,myntra,8.0,9590.0
2026-01-10,36659822,myntra,32.0,25600.0
2026-01-10,36659825,myntra,20.0,18000.0
2026-01-10,36659830,myntra,8.0,7190.0
2026-01-10,36659831,myntra,13.0,11700.0
2026-01-10,36659835,myntra,3.0,5910.0
2026-01-10,36659836,myntra,2.0,3200.0
2026-01-10,36660215,myntra,26.0,52000.0
2026-01-10,36660216,myntra,25.0,23700.0
2026-01-10,36921823,myntra,3.0,6440.0
2026-01-10,37206948,myntra,1.0,355.0
2026-01-10,37736866,myntra,5.0,5000.0
2026-01-10,07e74fc5-7ecd-43d8-a3a8-6b6cd221026a,zepto,31.0,27214.0
2026-01-10,32680322-fb74-4724-90e6-5377faa630a3,zepto,8.0,3992.0
2026-01-10,3fa4c1a5-3183-4619-8774-491e2fd1008a,zepto,24.0,19176.0
2026-01-10,8c73352d-6fa5-4bb0-862c-32e173ecacc1,zepto,2.0,1998.0
2026-01-10,94930f70-e21f-4103-9bf8-9f3330478fa7,zepto,2.0,2398.0
2026-01-10,9e7b013e-5aff-4eb6-b474-ac94c392e348,zepto,1.0,849.0
2026-01-10,INDEW00000003,nykaa,205.0,160611.63999999998
2026-01-10,INDEW00000010,nykaa,38.0,39178.62
2026-01-10,INDEW00000011,nykaa,83.0,137604.71
2026-01-10,INDEW00000014,nykaa,73.0,50904.68
2026-01-10,INDEW00000015,nykaa,4.0,6992.0
2026-01-10,INDEW00000018,nykaa,8.0,5896.93
2026-01-10,INDEW00000019,nykaa,10.0,7563.04
2026-01-10,INDEW00000020,nykaa,2.0,3385.97
2026-01-10,INDEW00000023,nykaa,62.0,22993.74
2026-01-10,INDEW00000024,nykaa,11.0,5058.92
2026-01-10,INDEW00000026,nykaa,25.0,19996.84
2026-01-10,INDEW00000034,nykaa,31.0,24431.34
2026-01-10,INDEW00000035,nykaa,4.0,7088.59
2026-01-10,INDEW00000036,nykaa,12.0,9616.63
2026-01-10,INDEW00000042,nykaa,4.0,5336.22
2026-01-10,INDEW00000043,nykaa,59.0,56545.49
2026-01-10,INDEW00000044,nykaa,88.0,87325.14
2026-01-10,INDEW00000049,nykaa,34.0,33551.27
2026-01-10,b3813904-2242-465e-b98c-73097e659bae,zepto,1.0,1970.0
2026-01-10,c2ff7e40-7934-4be9-a386-7fd3df6b8c80,zepto,4.0,3592.0
2026-01-10,e4a7998c-9073-45a0-9d8c-a8747e811f06,zepto,8.0,2840.0
2026-01-11,10163011,blinkit,2.0,3940.0
2026-01-11,10163015,blinkit,34.0,40766.0
2026-01-11,10163019,blinkit,120.0,95880.0
2026-01-11,10163020,blinkit,127.0,111598.0
2026-01-11,10197331,blinkit,22.0,19778.0
2026-01-11,10197348,blinkit,3.0,2697.0
2026-01-11,10235296,blinkit,19.0,17062.0
2026-01-11,10266546,blinkit,25.0,24975.0
2026-01-11,36658981,myntra,9.0,10800.0
2026-01-11,36659822,myntra,33.0,26400.0
2026-01-11,36659825,myntra,27.0,24300.0
2026-01-11,36659830,myntra,5.0,4500.0
2026-01-11,36659831,myntra,6.0,5390.0
2026-01-11,36659836,myntra,3.0,4800.0
2026-01-11,36660215,myntra,23.0,46000.0
2026-01-11,36660216,myntra,19.0,18000.0
2026-01-11,36921822,myntra,3.0,5240.0
2026-01-11,36921823,myntra,3.0,6440.0
2026-01-11,37206948,myntra,1.0,355.0
2026-01-11,37736866,myntra,2.0,2000.0
2026-01-11,07e74fc5-7ecd-43d8-a3a8-6b6cd221026a,zepto,41.0,35759.0
2026-01-11,32680322-fb74-4724-90e6-5377faa630a3,zepto,7.0,3493.0
2026-01-11,3fa4c1a5-3183-4619-8774-491e2fd1008a,zepto,19.0,15181.0
2026-01-11,4343c39f-d3bd-4310-8f14-12505e74428b,zepto,1.0,899.0
2026-01-11,8c73352d-6fa5-4bb0-862c-32e173ecacc1,zepto,2.0,1998.0
2026-01-11,94930f70-e21f-4103-9bf8-9f3330478fa7,zepto,4.0,4796.0
2026-01-11,9e7b013e-5aff-4eb6-b474-ac94c392e348,zepto,1.0,849.0
2026-01-11,INDEW00000003,nykaa,228.0,179529.68
2026-01-11,INDEW00000010,nykaa,52.0,55408.5
2026-01-11,INDEW00000011,nykaa,73.0,126960.21
2026-01-11,INDEW00000014,nykaa,55.0,37864.25
2026-01-11,INDEW00000015,nykaa,9.0,15884.68
2026-01-11,INDEW00000018,nykaa,8.0,5906.39
2026-01-11,INDEW00000019,nykaa,10.0,7478.91
2026-01-11,INDEW00000020,nykaa,6.0,9951.619999999999
2026-01-11,INDEW00000023,nykaa,72.0,26290.17
2026-01-11,INDEW00000024,nykaa,11.0,5053.09
2026-01-11,INDEW00000026,nykaa,33.0,26115.23
2026-01-11,INDEW00000034,nykaa,34.0,26733.34
2026-01-11,INDEW00000035,nykaa,7.0,12240.4
2026-01-11,INDEW00000036,nykaa,16.0,12434.84
2026-01-11,INDEW00000043,nykaa,83.0,79342.61
2026-01-11,INDEW00000044,nykaa,121.0,119793.24
2026-01-11,INDEW00000049,nykaa,24.0,23816.39
2026-01-11,c2ff7e40-7934-4be9-a386-7fd3df6b8c80,zepto,5.0,4490.0
2026-01-11,e4a7998c-9073-45a0-9d8c-a8747e811f06,zepto,17.0,6035.0
2026-01-12,10163015,blinkit,33.0,39567.0
2026-01-12,10163019,blinkit,62.0,49538.0
2026-01-12,10163020,blinkit,94.0,82696.0
2026-01-12,10197331,blinkit,14.0,12586.0
2026-01-12,10235296,blinkit,13.0,11674.0
2026-01-12,10266546,blinkit,12.0,11988.0
2026-01-12,36658981,myntra,8.0,9590.0
2026-01-12,36659822,myntra,8.0,6390.0
2026-01-12,36659825,myntra,10.0,8990.0
2026-01-12,36659830,myntra,3.0,2700.0
2026-01-12,36659831,myntra,2.0,1800.0
2026-01-12,36659835,myntra,1.0,1970.0
2026-01-12,36660215,myntra,6.0,12000.0
2026-01-12,36660216,myntra,15.0,14200.0
2026-01-12,36921823,myntra,1.0,2150.0
2026-01-12,37736866,myntra,5.0,5000.0
2026-01-12,07e74fc5-7ecd-43d8-a3a8-6b6cd221026a,zepto,23.0,20252.0
2026-01-12,32680322-fb74-4724-90e6-5377faa630a3,zepto,6.0,2994.0
2026-01-12,3fa4c1a5-3183-4619-8774-491e2fd1008a,zepto,15.0,11985.0
2026-01-12,8c73352d-6fa5-4bb0-862c-32e173ecacc1,zepto,3.0,2997.0
2026-01-12,94930f70-e21f-4103-9bf8-9f3330478fa7,zepto,2.0,2398.0
2026-01-12,INDEW00000003,nykaa,198.0,161642.08000000002
2026-01-12,INDEW00000010,nykaa,25.0,28261.56
2026-01-12,INDEW00000011,nykaa,46.0,84701.42
2026-01-12,INDEW00000014,nykaa,61.0,44357.829999999994
2026-01-12,INDEW00000015,nykaa,2.0,3727.46
2026-01-12,INDEW00000018,nykaa,8.0,6418.96
2026-01-12,INDEW00000019,nykaa,8.0,6455.35
2026-01-12,INDEW00000020,nykaa,5.0,9647.68
2026-01-12,INDEW00000023,nykaa,70.0,24959.86
2026-01-12,INDEW00000024,nykaa,15.0,7020.21
2026-01-12,INDEW00000026,nykaa,33.0,27599.66
2026-01-12,INDEW00000034,nykaa,29.0,23667.23
2026-01-12,INDEW00000035,nykaa,2.0,3716.29
2026-01-12,INDEW00000036,nykaa,11.0,8882.98
2026-01-12,INDEW00000043,nykaa,62.0,60088.740000000005
2026-01-12,INDEW00000044,nykaa,84.0,83874.83
2026-01-12,INDEW00000049,nykaa,22.0,21768.23
2026-01-12,b3813904-2242-465e-b98c-73097e659bae,zepto,1.0,1970.0
2026-01-12,c2ff7e40-7934-4be9-a386-7fd3df6b8c80,zepto,2.0,1796.0
2026-01-12,e4a7998c-9073-45a0-9d8c-a8747e811f06,zepto,9.0,3195.0
2026-01-13,10163015,blinkit,19.0,22781.0
2026-01-13,10163019,blinkit,68.0,54332.0
2026-01-13,10163020,blinkit,91.0,79009.0
2026-01-13,10197331,blinkit,10.0,8990.0
2026-01-13,10197348,blinkit,2.0,1798.0
2026-01-13,10235296,blinkit,11.0,9878.0
2026-01-13,10266546,blinkit,19.0,18981.0
2026-01-13,36658981,myntra,1.0,1200.0
2026-01-13,36659822,myntra,6.0,4790.0
2026-01-13,36659825,myntra,7.0,6390.0
2026-01-13,36659830,myntra,1.0,899.0
2026-01-13,36659831,myntra,2.0,1800.0
2026-01-13,36659835,myntra,1.0,1970.0
2026-01-13,36660215,myntra,17.0,34000.0
2026-01-13,36660216,myntra,27.0,25600.0
2026-01-13,36921822,myntra,3.0,5240.0
2026-01-13,36921823,myntra,3.0,6440.0
2026-01-13,37206948,myntra,5.0,1780.0
2026-01-13,37736866,myntra,5.0,5000.0
2026-01-13,38223073,myntra,1.0,1150.0
2026-01-13,07e74fc5-7ecd-43d8-a3a8-6b6cd221026a,zepto,18.0,15822.0
2026-01-13,32680322-fb74-4724-90e6-5377faa630a3,zepto,3.0,1497.0
2026-01-13,3fa4c1a5-3183-4619-8774-491e2fd1008a,zepto,5.0,3995.0
2026-01-13,8c73352d-6fa5-4bb0-862c-32e173ecacc1,zepto,2.0,1998.0
2026-01-13,94930f70-e21f-4103-9bf8-9f3330478fa7,zepto,2.0,2398.0
2026-01-13,INDEW00000003,nykaa,183.0,143022.81
2026-01-13,INDEW00000010,nykaa,34.0,38002.59
2026-01-13,INDEW00000011,nykaa,38.0,68076.2
2026-01-13,INDEW00000014,nykaa,55.0,39733.37
2026-01-13,INDEW00000015,nykaa,4.0,7424.14
2026-01-13,INDEW00000018,nykaa,3.0,2421.0
2026-01-13,INDEW00000019,nykaa,3.0,2329.11
2026-01-13,INDEW00000020,nykaa,5.0,9268.09
2026-01-13,INDEW00000023,nykaa,52.0,18672.16
2026-01-13,INDEW00000024,nykaa,6.0,2724.0
2026-01-13,INDEW00000026,nykaa,16.0,13574.71
2026-01-13,INDEW00000033,nykaa,1.0,1324.26
2026-01-13,INDEW00000034,nykaa,30.0,24327.95
2026-01-13,INDEW00000035,nykaa,3.0,5573.05
2026-01-13,INDEW00000036,nykaa,8.0,6006.03
2026-01-13,INDEW00000042,nykaa,3.0,4703.52
2026-01-13,INDEW00000043,nykaa,47.0,45326.96
2026-01-13,INDEW00000044,nykaa,67.0,66849.87
2026-01-13,INDEW00000049,nykaa,18.0,17570.99
2026-01-13,b3813904-2242-465e-b98c-73097e659bae,zepto,1.0,1970.0
2026-01-13,c2ff7e40-7934-4be9-a386-7fd3df6b8c80,zepto,3.0,2694.0
2026-01-13,e4a7998c-9073-45a0-9d8c-a8747e811f06,zepto,12.0,4260.0
2026-01-14,10163011,blinkit,1.0,1970.0
2026-01-14,10163015,blinkit,21.0,25179.0
2026-01-14,10163019,blinkit,51.0,40749.0
2026-01-14,10163020,blinkit,108.0,92937.0
2026-01-14,10197331,blinkit,14.0,12586.0
2026-01-14,10197348,blinkit,2.0,1798.0
2026-01-14,10235296,blinkit,19.0,17062.0
2026-01-14,10266546,blinkit,21.0,20979.0
2026-01-14,10277299,blinkit,6.0,6900.0
2026-01-14,10277303,blinkit,3.0,3450.0
2026-01-14,36658981,myntra,7.0,8390.0
2026-01-14,36659822,myntra,28.0,22400.0
2026-01-14,36659825,myntra,14.0,12600.0
2026-01-14,36659830,myntra,5.0,4500.0
2026-01-14,36659831,myntra,8.0,7190.0
2026-01-14,36659835,myntra,1.0,1970.0
2026-01-14,36659836,myntra,3.0,4800.0
2026-01-14,36660215,myntra,20.0,40000.0
2026-01-14,36660216,myntra,19.0,18000.0
2026-01-14,36921823,myntra,2.0,4300.0
2026-01-14,37206948,myntra,6.0,2130.0
2026-01-14,37736866,myntra,5.0,5000.0
2026-01-14,07e74fc5-7ecd-43d8-a3a8-6b6cd221026a,zepto,21.0,18039.0
2026-01-14,32680322-fb74-4724-90e6-5377faa630a3,zepto,7.0,3493.0
2026-01-14,3fa4c1a5-3183-4619-8774-491e2fd1008a,zepto,8.0,6392.0
2026-01-14,4f4fc324-38a3-48c7-ac4c-f6cdd0201001,zepto,1.0,1970.0
2026-01-14,8c73352d-6fa5-4bb0-862c-32e173ecacc1,zepto,4.0,3996.0
2026-01-14,INDEW00000003,nykaa,172.0,133546.45
2026-01-14,INDEW00000010,nykaa,44.0,48940.9
2026-01-14,INDEW00000011,nykaa,39.0,68558.79
2026-01-14,INDEW00000014,nykaa,30.0,22032.29
2026-01-14,INDEW00000015,nykaa,6.0,11018.96
2026-01-14,INDEW00000018,nykaa,8.0,6314.6
2026-01-14,INDEW00000019,nykaa,8.0,6153.26
2026-01-14,INDEW00000020,nykaa,1.0,1933.0
2026-01-14,INDEW00000023,nykaa,69.0,24664.91
2026-01-14,INDEW00000024,nykaa,12.0,5667.95
2026-01-14,INDEW00000026,nykaa,14.0,11515.11
2026-01-14,INDEW00000033,nykaa,3.0,4508.24
2026-01-14,INDEW00000034,nykaa,25.0,21235.28
2026-01-14,INDEW00000035,nykaa,4.0,7438.37
2026-01-14,INDEW00000036,nykaa,12.0,10084.02
2026-01-14,INDEW00000042,nykaa,1.0,1567.34
2026-01-14,INDEW00000043,nykaa,67.0,66085.52
2026-01-14,INDEW00000044,nykaa,88.0,88493.24
2026-01-14,INDEW00000049,nykaa,28.0,27278.0
2026-01-14,b3813904-2242-465e-b98c-73097e659bae,zepto,1.0,1970.0
2026-01-14,c2ff7e40-7934-4be9-a386-7fd3df6b8c80,zepto,3.0,2694.0
2026-01-14,e4a7998c-9073-45a0-9d8c-a8747e811f06,zepto,17.0,6035.0
2026-01-15,10163011,blinkit,1.0,1970.0
2026-01-15,10163015,blinkit,20.0,23980.0
2026-01-15,10163019,blinkit,59.0,47141.0
2026-01-15,10163020,blinkit,105.0,90825.0
2026-01-15,10197331,blinkit,14.0,12586.0
2026-01-15,10235296,blinkit,13.0,11674.0
2026-01-15,10266546,blinkit,17.0,16983.0
2026-01-15,10274128,blinkit,4.0,3996.0
2026-01-15,10277299,blinkit,20.0,23000.0
2026-01-15,10277303,blinkit,11.0,12650.0
2026-01-15,36658981,myntra,3.0,3600.0
2026-01-15,36659822,myntra,28.0,22400.0
2026-01-15,36659825,myntra,15.0,13500.0
2026-01-15,36659830,myntra,5.0,4500.0
2026-01-15,36659831,myntra,3.0,2700.0
2026-01-15,36660215,myntra,23.0,46000.0
2026-01-15,36660216,myntra,25.0,23700.0
2026-01-15,37206948,myntra,6.0,2130.0
2026-01-15,37736866,myntra,4.0,4000.0
2026-01-15,07e74fc5-7ecd-43d8-a3a8-6b6cd221026a,zepto,13.0,11392.0
2026-01-15,32680322-fb74-4724-90e6-5377faa630a3,zepto,3.0,1497.0
2026-01-15,3fa4c1a5-3183-4619-8774-491e2fd1008a,zepto,9.0,7191.0
2026-01-15,4343c39f-d3bd-4310-8f14-12505e74428b,zepto,1.0,899.0
2026-01-15,8c73352d-6fa5-4bb0-862c-32e173ecacc1,zepto,5.0,4995.0
2026-01-15,94930f70-e21f-4103-9bf8-9f3330478fa7,zepto,4.0,4796.0
2026-01-15,9e7b013e-5aff-4eb6-b474-ac94c392e348,zepto,1.0,849.0
2026-01-15,INDEW00000003,nykaa,172.0,132166.38
2026-01-15,INDEW00000010,nykaa,37.0,41694.88
2026-01-15,INDEW00000011,nykaa,58.0,103229.48
2026-01-15,INDEW00000014,nykaa,62.0,44424.079999999994
2026-01-15,INDEW00000015,nykaa,4.0,7453.3
2026-01-15,INDEW00000018,nykaa,7.0,5490.09
2026-01-15,INDEW00000019,nykaa,7.0,5707.81
2026-01-15,INDEW00000020,nykaa,1.0,1923.67
2026-01-15,INDEW00000023,nykaa,54.0,19559.05
2026-01-15,INDEW00000024,nykaa,15.0,7022.03
2026-01-15,INDEW00000026,nykaa,26.0,21900.5
2026-01-15,INDEW00000033,nykaa,1.0,1501.52
2026-01-15,INDEW00000034,nykaa,23.0,19021.7
2026-01-15,INDEW00000036,nykaa,7.0,5592.8
2026-01-15,INDEW00000042,nykaa,2.0,3146.0
2026-01-15,INDEW00000043,nykaa,62.0,60527.450000000004
2026-01-15,INDEW00000044,nykaa,83.0,83275.78
2026-01-15,INDEW00000049,nykaa,31.0,30235.27
2026-01-15,b3813904-2242-465e-b98c-73097e659bae,zepto,2.0,3940.0
2026-01-15,c2ff7e40-7934-4be9-a386-7fd3df6b8c80,zepto,5.0,4490.0
2026-01-15,e4a7998c-9073-45a0-9d8c-a8747e811f06,zepto,14.0,4970.0
2026-01-16,10163015,blinkit,23.0,27577.0
2026-01-16,10163019,blinkit,54.0,43146.0
2026-01-16,10163020,blinkit,56.0,48209.0
2026-01-16,10197331,blinkit,19.0,17081.0
2026-01-16,10235296,blinkit,25.0,22450.0
2026-01-16,10266546,blinkit,20.0,19980.0
2026-01-16,10274128,blinkit,6.0,5994.0
2026-01-16,10277299,blinkit,18.0,20700.0
2026-01-16,10277303,blinkit,12.0,13800.0
2026-01-16,36658981,myntra,10.0,12000.0
2026-01-16,36659822,myntra,30.0,24000.0
2026-01-16,36659825,myntra,12.0,10800.0
2026-01-16,36659830,myntra,3.0,2700.0
2026-01-16,36659831,myntra,5.0,4500.0
2026-01-16,36659835,myntra,1.0,1970.0
2026-01-16,36659836,myntra,1.0,1600.0
2026-01-16,36660215,myntra,22.0,44000.0
2026-01-16,36660216,myntra,27.0,25600.0
2026-01-16,36921822,myntra,1.0,1750.0
2026-01-16,37206948,myntra,1.0,399.0
2026-01-16,37736866,myntra,4.0,4000.0
2026-01-16,38249058,myntra,2.0,2300.0
2026-01-16,07e74fc5-7ecd-43d8-a3a8-6b6cd221026a,zepto,18.0,15402.0
2026-01-16,32680322-fb74-4724-90e6-5377faa630a3,zepto,7.0,3493.0
2026-01-16,3fa4c1a5-3183-4619-8774-491e2fd1008a,zepto,12.0,9588.0
2026-01-16,4343c39f-d3bd-4310-8f14-12505e74428b,zepto,1.0,899.0
2026-01-16,8c73352d-6fa5-4bb0-862c-32e173ecacc1,zepto,3.0,2997.0
2026-01-16,9e7b013e-5aff-4eb6-b474-ac94c392e348,zepto,1.0,849.0
2026-01-16,INDEW00000003,nykaa,164.0,122878.95999999999
2026-01-16,INDEW00000010,nykaa,22.0,23523.67
2026-01-16,INDEW00000011,nykaa,57.0,99288.51
2026-01-16,INDEW00000014,nykaa,59.0,40603.65
2026-01-16,INDEW00000015,nykaa,5.0,8781.15
2026-01-16,INDEW00000018,nykaa,11.0,8245.7
2026-01-16,INDEW00000019,nykaa,11.0,8344.26
2026-01-16,INDEW00000020,nykaa,6.0,10072.48
2026-01-16,INDEW00000023,nykaa,54.0,20210.22
2026-01-16,INDEW00000024,nykaa,6.0,2828.7799999999997
2026-01-16,INDEW00000026,nykaa,25.0,20144.98
2026-01-16,INDEW00000034,nykaa,34.0,26860.82
2026-01-16,INDEW00000035,nykaa,4.0,6930.42
2026-01-16,INDEW00000036,nykaa,9.0,6756.32
2026-01-16,INDEW00000042,nykaa,3.0,4121.31
2026-01-16,INDEW00000043,nykaa,48.0,46696.619999999995
2026-01-16,INDEW00000044,nykaa,59.0,58478.48
2026-01-16,INDEW00000049,nykaa,32.0,31650.23
2026-01-16,b3813904-2242-465e-b98c-73097e659bae,zepto,1.0,1970.0
2026-01-16,c2ff7e40-7934-4be9-a386-7fd3df6b8c80,zepto,2.0,1796.0
2026-01-16,e4a7998c-9073-45a0-9d8c-a8747e811f06,zepto,9.0,3195.0
2026-01-17,10163011,blinkit,1.0,1970.0
2026-01-17,10163015,blinkit,29.0,34771.0
2026-01-17,10163019,blinkit,77.0,61523.0
2026-01-17,10163020,blinkit,127.0,110968.0
2026-01-17,10197331,blinkit,22.0,19778.0
2026-01-17,10197348,blinkit,1.0,899.0
2026-01-17,10235296,blinkit,18.0,16164.0
2026-01-17,10266546,blinkit,18.0,17982.0
2026-01-17,10274128,blinkit,5.0,4995.0
2026-01-17,10277299,blinkit,34.0,39100.0
2026-01-17,10277303,blinkit,21.0,24150.0
2026-01-17,36658981,myntra,10.0,12000.0
2026-01-17,36659822,myntra,22.0,17600.0
2026-01-17,36659825,myntra,13.0,11700.0
2026-01-17,36659830,myntra,1.0,899.0
2026-01-17,36659831,myntra,7.0,6290.0
2026-01-17,36660215,myntra,21.0,42000.0
2026-01-17,36660216,myntra,22.0,20900.0
2026-01-17,36921822,myntra,1.0,1750.0
2026-01-17,36921823,myntra,3.0,6440.0
2026-01-17,37736866,myntra,4.0,4000.0
2026-01-17,38223073,myntra,1.0,1150.0
2026-01-17,38249058,myntra,3.0,3450.0
2026-01-17,07e74fc5-7ecd-43d8-a3a8-6b6cd221026a,zepto,26.0,22364.0
2026-01-17,32680322-fb74-4724-90e6-5377faa630a3,zepto,10.0,4990.0
2026-01-17,3fa4c1a5-3183-4619-8774-491e2fd1008a,zepto,14.0,11186.0
2026-01-17,4343c39f-d3bd-4310-8f14-12505e74428b,zepto,1.0,899.0
2026-01-17,566390e5-d7b4-44ab-86da-1778dafb8d73,zepto,1.0,899.0
2026-01-17,8c73352d-6fa5-4bb0-862c-32e173ecacc1,zepto,1.0,999.0
2026-01-17,94930f70-e21f-4103-9bf8-9f3330478fa7,zepto,2.0,2398.0
2026-01-17,9e7b013e-5aff-4eb6-b474-ac94c392e348,zepto,1.0,849.0
2026-01-17,INDEW00000003,nykaa,272.0,198204.61
2026-01-17,INDEW00000010,nykaa,53.0,51596.32
2026-01-17,INDEW00000011,nykaa,80.0,122216.27
2026-01-17,INDEW00000014,nykaa,62.0,39587.66
2026-01-17,INDEW00000015,nykaa,13.0,18563.95
2026-01-17,INDEW00000018,nykaa,5.0,3524.47
2026-01-17,INDEW00000019,nykaa,11.0,8207.66
2026-01-17,INDEW00000020,nykaa,9.0,14727.43
2026-01-17,INDEW00000023,nykaa,78.0,28186.32
2026-01-17,INDEW00000024,nykaa,13.0,5786.71
2026-01-17,INDEW00000026,nykaa,35.0,25526.23
2026-01-17,INDEW00000034,nykaa,57.0,40974.93
2026-01-17,INDEW00000035,nykaa,5.0,7620.97
2026-01-17,INDEW00000036,nykaa,13.0,9506.52
2026-01-17,INDEW00000042,nykaa,4.0,5358.0
2026-01-17,INDEW00000043,nykaa,80.0,74936.18
2026-01-17,INDEW00000044,nykaa,85.0,80484.87
2026-01-17,INDEW00000049,nykaa,22.0,20070.73
2026-01-17,c2ff7e40-7934-4be9-a386-7fd3df6b8c80,zepto,8.0,7184.0
2026-01-17,e4a7998c-9073-45a0-9d8c-a8747e811f06,zepto,22.0,7810.0
2026-01-18,10163015,blinkit,26.0,31174.0
2026-01-18,10163019,blinkit,85.0,67915.0
2026-01-18,10163020,blinkit,139.0,120466.0
2026-01-18,10197331,blinkit,17.0,15283.0
2026-01-18,10197348,blinkit,3.0,2697.0
2026-01-18,10235296,blinkit,17.0,15266.0
2026-01-18,10266546,blinkit,9.0,8991.0
2026-01-18,10274128,blinkit,11.0,10989.0
2026-01-18,10277299,blinkit,32.0,36800.0
2026-01-18,10277303,blinkit,16.0,18400.0
2026-01-18,36658981,myntra,9.0,10800.0
2026-01-18,36659822,myntra,12.0,9590.0
2026-01-18,36659825,myntra,11.0,9890.0
2026-01-18,36659830,myntra,5.0,4500.0
2026-01-18,36659831,myntra,8.0,7190.0
2026-01-18,36659836,myntra,1.0,1600.0
2026-01-18,36660215,myntra,18.0,36000.0
2026-01-18,36660216,myntra,37.0,35100.0
2026-01-18,37736866,myntra,3.0,3000.0
2026-01-18,38223073,myntra,1.0,1150.0
2026-01-18,38249058,myntra,2.0,2300.0
2026-01-18,07e74fc5-7ecd-43d8-a3a8-6b6cd221026a,zepto,29.0,24896.0
2026-01-18,32680322-fb74-4724-90e6-5377faa630a3,zepto,8.0,3992.0
2026-01-18,3fa4c1a5-3183-4619-8774-491e2fd1008a,zepto,11.0,8789.0
2026-01-18,8c73352d-6fa5-4bb0-862c-32e173ecacc1,zepto,4.0,3996.0
2026-01-18,94930f70-e21f-4103-9bf8-9f3330478fa7,zepto,3.0,3597.0
2026-01-18,INDEW00000003,nykaa,283.0,194031.12
2026-01-18,INDEW00000010,nykaa,62.0,59676.18
2026-01-18,INDEW00000011,nykaa,101.0,141744.28
2026-01-18,INDEW00000014,nykaa,98.0,63451.87
2026-01-18,INDEW00000015,nykaa,13.0,18560.62
2026-01-18,INDEW00000018,nykaa,16.0,11169.78
2026-01-18,INDEW00000019,nykaa,9.0,6327.35
2026-01-18,INDEW00000020,nykaa,7.0,11094.57
2026-01-18,INDEW00000023,nykaa,74.0,26217.05
2026-01-18,INDEW00000024,nykaa,11.0,5052.42
2026-01-18,INDEW00000026,nykaa,33.0,24085.6
2026-01-18,INDEW00000034,nykaa,49.0,35433.29
2026-01-18,INDEW00000035,nykaa,4.0,5943.51
2026-01-18,INDEW00000036,nykaa,11.0,7905.07
2026-01-18,INDEW00000042,nykaa,3.0,4119.17
2026-01-18,INDEW00000043,nykaa,68.0,65684.07
2026-01-18,INDEW00000044,nykaa,84.0,82785.90000000001
2026-01-18,INDEW00000049,nykaa,29.0,26274.94
2026-01-18,c2ff7e40-7934-4be9-a386-7fd3df6b8c80,zepto,7.0,6286.0
2026-01-18,dbe46b05-cccd-4532-96e1-1f046035ed26,zepto,1.0,1150.0
2026-01-18,e4a7998c-9073-45a0-9d8c-a8747e811f06,zepto,27.0,9585.0
2026-01-19,10163015,blinkit,21.0,25179.0
2026-01-19,10163019,blinkit,54.0,43146.0
2026-01-19,10163020,blinkit,70.0,60655.0
2026-01-19,10197331,blinkit,13.0,11687.0
2026-01-19,10197348,blinkit,1.0,899.0
2026-01-19,10235296,blinkit,11.0,9878.0
2026-01-19,10266546,blinkit,10.0,9990.0
2026-01-19,10274128,blinkit,5.0,4995.0
2026-01-19,10277299,blinkit,21.0,24150.0
2026-01-19,10277303,blinkit,8.0,9200.0
2026-01-19,36658981,myntra,3.0,3600.0
2026-01-19,36659822,myntra,4.0,3200.0
2026-01-19,36659825,myntra,6.0,5390.0
2026-01-19,36659830,myntra,1.0,899.0
2026-01-19,36659831,myntra,2.0,1800.0
2026-01-19,36659836,myntra,1.0,1600.0
2026-01-19,36660215,myntra,2.0,4000.0
2026-01-19,36660216,myntra,13.0,12300.0
2026-01-19,37736866,myntra,2.0,2000.0
2026-01-19,38223073,myntra,1.0,1150.0
2026-01-19,38249058,myntra,4.0,4600.0
2026-01-19,07e74fc5-7ecd-43d8-a3a8-6b6cd221026a,zepto,21.0,17934.0
2026-01-19,32680322-fb74-4724-90e6-5377faa630a3,zepto,4.0,1996.0
2026-01-19,3fa4c1a5-3183-4619-8774-491e2fd1008a,zepto,12.0,9588.0
2026-01-19,7e19b7c9-a5d1-4988-b7ff-9f697f6f9179,zepto,1.0,1150.0
2026-01-19,8c73352d-6fa5-4bb0-862c-32e173ecacc1,zepto,4.0,3996.0
2026-01-19,94930f70-e21f-4103-9bf8-9f3330478fa7,zepto,3.0,3597.0
2026-01-19,INDEW00000003,nykaa,226.0,157040.56999999998
2026-01-19,INDEW00000010,nykaa,52.0,50611.09
2026-01-19,INDEW00000011,nykaa,82.0,118289.21
2026-01-19,INDEW00000014,nykaa,64.0,41800.13
2026-01-19,INDEW00000015,nykaa,9.0,12890.93
2026-01-19,INDEW00000018,nykaa,4.0,2813.34
2026-01-19,INDEW00000019,nykaa,7.0,5284.89
2026-01-19,INDEW00000020,nykaa,4.0,6777.13
2026-01-19,INDEW00000023,nykaa,65.0,23842.58
2026-01-19,INDEW00000024,nykaa,6.0,2741.6099999999997
2026-01-19,INDEW00000026,nykaa,30.0,21714.53
2026-01-19,INDEW00000034,nykaa,33.0,24141.62
2026-01-19,INDEW00000035,nykaa,4.0,6243.62
2026-01-19,INDEW00000036,nykaa,13.0,9403.57
2026-01-19,INDEW00000042,nykaa,3.0,4117.91
2026-01-19,INDEW00000043,nykaa,64.0,62145.1
2026-01-19,INDEW00000044,nykaa,75.0,73802.34
2026-01-19,INDEW00000049,nykaa,29.0,27349.66
2026-01-19,c2ff7e40-7934-4be9-a386-7fd3df6b8c80,zepto,2.0,1796.0
2026-01-19,dbe46b05-cccd-4532-96e1-1f046035ed26,zepto,1.0,1150.0
2026-01-19,e4a7998c-9073-45a0-9d8c-a8747e811f06,zepto,9.0,3195.0
2026-01-20,10163011,blinkit,1.0,1970.0
2026-01-20,10163015,blinkit,26.0,31174.0
2026-01-20,10163019,blinkit,55.0,43945.0
2026-01-20,10163020,blinkit,90.0,77640.0
2026-01-20,10197331,blinkit,16.0,14384.0
2026-01-20,10197348,blinkit,1.0,899.0
2026-01-20,10235296,blinkit,15.0,13470.0
2026-01-20,10266546,blinkit,18.0,17982.0
2026-01-20,10274128,blinkit,8.0,7992.0
2026-01-20,10277299,blinkit,22.0,25300.0
2026-01-20,10277303,blinkit,13.0,14950.0
2026-01-20,36658981,myntra,7.0,8390.0
2026-01-20,36659822,myntra,3.0,2400.0
2026-01-20,36659825,myntra,2.0,1800.0
2026-01-20,36659830,myntra,1.0,899.0
2026-01-20,36659831,myntra,1.0,899.0
2026-01-20,36659835,myntra,1.0,1970.0
2026-01-20,36659836,myntra,1.0,1600.0
2026-01-20,36660215,myntra,12.0,24000.0
2026-01-20,36660216,myntra,9.0,8540.0
2026-01-20,37736866,myntra,4.0,4000.0
2026-01-20,38249058,myntra,1.0,1150.0
2026-01-20,07e74fc5-7ecd-43d8-a3a8-6b6cd221026a,zepto,27.0,23313.0
2026-01-20,32680322-fb74-4724-90e6-5377faa630a3,zepto,3.0,1497.0
2026-01-20,3fa4c1a5-3183-4619-8774-491e2fd1008a,zepto,19.0,15181.0
2026-01-20,4343c39f-d3bd-4310-8f14-12505e74428b,zepto,1.0,899.0
2026-01-20,7e19b7c9-a5d1-4988-b7ff-9f697f6f9179,zepto,2.0,2300.0
2026-01-20,8c73352d-6fa5-4bb0-862c-32e173ecacc1,zepto,4.0,3996.0
2026-01-20,94930f70-e21f-4103-9bf8-9f3330478fa7,zepto,2.0,2398.0
2026-01-20,INDEW00000003,nykaa,203.0,142531.42
2026-01-20,INDEW00000010,nykaa,35.0,35058.850000000006
2026-01-20,INDEW00000011,nykaa,67.0,100202.9
2026-01-20,INDEW00000014,nykaa,64.0,41796.24
2026-01-20,INDEW00000015,nykaa,5.0,7367.82
2026-01-20,INDEW00000018,nykaa,8.0,5676.35
2026-01-20,INDEW00000019,nykaa,1.0,713.45
2026-01-20,INDEW00000020,nykaa,1.0,1577.37
2026-01-20,INDEW00000023,nykaa,46.0,17151.1
2026-01-20,INDEW00000024,nykaa,10.0,4735.78
2026-01-20,INDEW00000026,nykaa,33.0,25037.65
2026-01-20,INDEW00000034,nykaa,38.0,28359.39
2026-01-20,INDEW00000035,nykaa,1.0,1418.4
2026-01-20,INDEW00000036,nykaa,13.0,9593.5
2026-01-20,INDEW00000042,nykaa,2.0,2642.65
2026-01-20,INDEW00000043,nykaa,74.0,70812.39
2026-01-20,INDEW00000044,nykaa,101.0,97812.17
2026-01-20,INDEW00000049,nykaa,37.0,32082.12
2026-01-20,b3813904-2242-465e-b98c-73097e659bae,zepto,1.0,1970.0
2026-01-20,c2ff7e40-7934-4be9-a386-7fd3df6b8c80,zepto,4.0,3592.0
2026-01-20,dbe46b05-cccd-4532-96e1-1f046035ed26,zepto,1.0,1150.0
2026-01-20,e4a7998c-9073-45a0-9d8c-a8747e811f06,zepto,11.0,3905.0
2026-01-21,10163015,blinkit,29.0,34771.0
2026-01-21,10163019,blinkit,50.0,39950.0
2026-01-21,10163020,blinkit,93.0,80487.0
2026-01-21,10197331,blinkit,23.0,20677.0
2026-01-21,10197348,blinkit,1.0,899.0
2026-01-21,10235296,blinkit,13.0,11674.0
2026-01-21,10266546,blinkit,20.0,19980.0
2026-01-21,10274128,blinkit,1.0,999.0
2026-01-21,10277299,blinkit,20.0,23000.0
2026-01-21,10277303,blinkit,14.0,16100.0
2026-01-21,36658981,myntra,4.0,4800.0
2026-01-21,36659822,myntra,5.0,4000.0
2026-01-21,36659825,myntra,6.0,5390.0
2026-01-21,36659830,myntra,1.0,899.0
2026-01-21,36659836,myntra,2.0,3200.0
2026-01-21,36660215,myntra,4.0,8000.0
2026-01-21,36660216,myntra,10.0,9490.0
2026-01-21,37206948,myntra,2.0,710.0
2026-01-21,37736866,myntra,2.0,2000.0
2026-01-21,38249058,myntra,3.0,3450.0
2026-01-21,07e74fc5-7ecd-43d8-a3a8-6b6cd221026a,zepto,20.0,17300.0
2026-01-21,32680322-fb74-4724-90e6-5377faa630a3,zepto,6.0,2994.0
2026-01-21,3fa4c1a5-3183-4619-8774-491e2fd1008a,zepto,17.0,13583.0
2026-01-21,4343c39f-d3bd-4310-8f14-12505e74428b,zepto,1.0,899.0
2026-01-21,7e19b7c9-a5d1-4988-b7ff-9f697f6f9179,zepto,3.0,3450.0
2026-01-21,8c73352d-6fa5-4bb0-862c-32e173ecacc1,zepto,2.0,1998.0
2026-01-21,94930f70-e21f-4103-9bf8-9f3330478fa7,zepto,2.0,2398.0
2026-01-21,INDEW00000003,nykaa,206.0,147054.83000000002
2026-01-21,INDEW00000010,nykaa,38.0,37526.91
2026-01-21,INDEW00000011,nykaa,62.0,90857.17
2026-01-21,INDEW00000014,nykaa,75.0,49138.81
2026-01-21,INDEW00000015,nykaa,8.0,11529.59
2026-01-21,INDEW00000018,nykaa,11.0,7877.32
2026-01-21,INDEW00000019,nykaa,11.0,8023.21
2026-01-21,INDEW00000020,nykaa,3.0,4989.33
2026-01-21,INDEW00000023,nykaa,70.0,25617.22
2026-01-21,INDEW00000024,nykaa,15.0,6911.44
2026-01-21,INDEW00000026,nykaa,36.0,26438.21
2026-01-21,INDEW00000034,nykaa,43.0,31806.1
2026-01-21,INDEW00000035,nykaa,5.0,7856.21
2026-01-21,INDEW00000036,nykaa,14.0,10192.59
2026-01-21,INDEW00000042,nykaa,1.0,1374.56
2026-01-21,INDEW00000043,nykaa,62.0,58175.44
2026-01-21,INDEW00000044,nykaa,89.0,83715.02
2026-01-21,INDEW00000049,nykaa,54.0,44204.02
2026-01-21,b3813904-2242-465e-b98c-73097e659bae,zepto,2.0,3940.0
2026-01-21,c2ff7e40-7934-4be9-a386-7fd3df6b8c80,zepto,2.0,1796.0
2026-01-21,dbe46b05-cccd-4532-96e1-1f046035ed26,zepto,2.0,2300.0
2026-01-21,e4a7998c-9073-45a0-9d8c-a8747e811f06,zepto,10.0,3550.0
2026-01-22,10163011,blinkit,2.0,3940.0
2026-01-22,10163015,blinkit,25.0,29975.0
2026-01-22,10163019,blinkit,76.0,60724.0
2026-01-22,10163020,blinkit,110.0,95780.0
2026-01-22,10197331,blinkit,23.0,20677.0
2026-01-22,10235296,blinkit,15.0,13470.0
2026-01-22,10266546,blinkit,21.0,20979.0
2026-01-22,10274128,blinkit,7.0,6993.0
2026-01-22,10277299,blinkit,19.0,21850.0
2026-01-22,10277303,blinkit,23.0,26450.0
2026-01-22,36658981,myntra,7.0,8390.0
2026-01-22,36659822,myntra,23.0,18400.0
2026-01-22,36659825,myntra,19.0,17100.0
2026-01-22,36659831,myntra,2.0,1800.0
2026-01-22,36659836,myntra,3.0,4800.0
2026-01-22,36660215,myntra,12.0,24000.0
2026-01-22,36660216,myntra,13.0,12300.0
2026-01-22,36921822,myntra,3.0,5240.0
2026-01-22,37736866,myntra,4.0,4000.0
2026-01-22,38249058,myntra,1.0,1150.0
2026-01-22,07e74fc5-7ecd-43d8-a3a8-6b6cd221026a,zepto,26.0,22154.0
2026-01-22,32680322-fb74-4724-90e6-5377faa630a3,zepto,3.0,1497.0
2026-01-22,3fa4c1a5-3183-4619-8774-491e2fd1008a,zepto,14.0,11186.0
2026-01-22,4f4fc324-38a3-48c7-ac4c-f6cdd0201001,zepto,1.0,1970.0
2026-01-22,566390e5-d7b4-44ab-86da-1778dafb8d73,zepto,1.0,899.0
2026-01-22,7e19b7c9-a5d1-4988-b7ff-9f697f6f9179,zepto,7.0,8050.0
2026-01-22,8c73352d-6fa5-4bb0-862c-32e173ecacc1,zepto,6.0,5994.0
2026-01-22,9e7b013e-5aff-4eb6-b474-ac94c392e348,zepto,1.0,849.0
2026-01-22,INDEW00000003,nykaa,203.0,149460.81
2026-01-22,INDEW00000010,nykaa,51.0,50557.02
2026-01-22,INDEW00000011,nykaa,71.0,106553.26
2026-01-22,INDEW00000014,nykaa,70.0,45531.61
2026-01-22,INDEW00000015,nykaa,6.0,8485.22
2026-01-22,INDEW00000018,nykaa,10.0,6880.44
2026-01-22,INDEW00000019,nykaa,8.0,5896.21
2026-01-22,INDEW00000020,nykaa,2.0,3036.0
2026-01-22,INDEW00000023,nykaa,66.0,24057.47
2026-01-22,INDEW00000024,nykaa,8.0,3668.46
2026-01-22,INDEW00000026,nykaa,49.0,35946.84
2026-01-22,INDEW00000034,nykaa,41.0,30427.53
2026-01-22,INDEW00000035,nykaa,4.0,6165.35
2026-01-22,INDEW00000036,nykaa,7.0,4946.52
2026-01-22,INDEW00000042,nykaa,6.0,8239.32
2026-01-22,INDEW00000043,nykaa,68.0,63545.01
2026-01-22,INDEW00000044,nykaa,95.0,88848.72
2026-01-22,INDEW00000049,nykaa,57.0,47191.61
2026-01-22,c2ff7e40-7934-4be9-a386-7fd3df6b8c80,zepto,4.0,3592.0
2026-01-22,dbe46b05-cccd-4532-96e1-1f046035ed26,zepto,1.0,1150.0
2026-01-22,e4a7998c-9073-45a0-9d8c-a8747e811f06,zepto,13.0,4615.0
2026-01-23,10163015,blinkit,12.0,14388.0
2026-01-23,10163019,blinkit,68.0,54332.0
2026-01-23,10163020,blinkit,76.0,66034.0
2026-01-23,10197331,blinkit,18.0,16182.0
2026-01-23,10197348,blinkit,1.0,899.0
2026-01-23,10235296,blinkit,12.0,10776.0
2026-01-23,10266546,blinkit,18.0,17982.0
2026-01-23,10274128,blinkit,12.0,11988.0
2026-01-23,10277299,blinkit,9.0,10350.0
2026-01-23,10277303,blinkit,12.0,13800.0
2026-01-23,36658981,myntra,12.0,14400.0
2026-01-23,36659822,myntra,15.0,12000.0
2026-01-23,36659825,myntra,9.0,8090.0
2026-01-23,36659831,myntra,3.0,2700.0
2026-01-23,36660215,myntra,15.0,30000.0
2026-01-23,36660216,myntra,20.0,19000.0
2026-01-23,36921822,myntra,1.0,1750.0
2026-01-23,37206948,myntra,1.0,399.0
2026-01-23,37736866,myntra,5.0,5000.0
2026-01-23,38223073,myntra,2.0,2300.0
2026-01-23,38249058,myntra,3.0,3450.0
2026-01-23,07e74fc5-7ecd-43d8-a3a8-6b6cd221026a,zepto,26.0,22889.0
2026-01-23,32680322-fb74-4724-90e6-5377faa630a3,zepto,3.0,1497.0
2026-01-23,3fa4c1a5-3183-4619-8774-491e2fd1008a,zepto,18.0,14382.0
2026-01-23,4343c39f-d3bd-4310-8f14-12505e74428b,zepto,1.0,899.0
2026-01-23,566390e5-d7b4-44ab-86da-1778dafb8d73,zepto,1.0,899.0
2026-01-23,7e19b7c9-a5d1-4988-b7ff-9f697f6f9179,zepto,4.0,4600.0
2026-01-23,8c73352d-6fa5-4bb0-862c-32e173ecacc1,zepto,9.0,8991.0
2026-01-23,94930f70-e21f-4103-9bf8-9f3330478fa7,zepto,2.0,2398.0
2026-01-23,INDEW00000003,nykaa,218.0,156188.97
2026-01-23,INDEW00000010,nykaa,67.0,65282.28
2026-01-23,INDEW00000011,nykaa,73.0,106192.79
2026-01-23,INDEW00000014,nykaa,69.0,44193.95
2026-01-23,INDEW00000015,nykaa,12.0,17090.34
2026-01-23,INDEW00000018,nykaa,10.0,7041.2
2026-01-23,INDEW00000019,nykaa,8.0,5930.9
2026-01-23,INDEW00000020,nykaa,7.0,10844.22
2026-01-23,INDEW00000023,nykaa,43.0,15357.05
2026-01-23,INDEW00000024,nykaa,8.0,3497.39
2026-01-23,INDEW00000026,nykaa,47.0,34474.21
2026-01-23,INDEW00000034,nykaa,41.0,29512.37
2026-01-23,INDEW00000035,nykaa,4.0,5653.23
2026-01-23,INDEW00000036,nykaa,17.0,12398.34
2026-01-23,INDEW00000042,nykaa,1.0,1170.92
2026-01-23,INDEW00000043,nykaa,83.0,75037.05
2026-01-23,INDEW00000044,nykaa,111.0,101445.24
2026-01-23,INDEW00000049,nykaa,57.0,46639.72
2026-01-23,c2ff7e40-7934-4be9-a386-7fd3df6b8c80,zepto,3.0,2694.0
2026-01-23,dbe46b05-cccd-4532-96e1-1f046035ed26,zepto,1.0,1150.0
2026-01-23,e4a7998c-9073-45a0-9d8c-a8747e811f06,zepto,11.0,3905.0
2026-01-24,10163011,blinkit,1.0,1970.0
2026-01-24,10163015,blinkit,32.0,38368.0
2026-01-24,10163019,blinkit,99.0,79101.0
2026-01-24,10163020,blinkit,108.0,93462.0
2026-01-24,10197331,blinkit,31.0,27869.0
2026-01-24,10235296,blinkit,24.0,21552.0
2026-01-24,10266546,blinkit,20.0,19980.0
2026-01-24,10274128,blinkit,23.0,22977.0
2026-01-24,10277299,blinkit,13.0,14950.0
2026-01-24,10277303,blinkit,13.0,14950.0
2026-01-24,36658981,myntra,9.0,10800.0
2026-01-24,36659822,myntra,18.0,14400.0
2026-01-24,36659825,myntra,9.0,8090.0
2026-01-24,36659831,myntra,3.0,2700.0
2026-01-24,36659835,myntra,1.0,1970.0
2026-01-24,36660215,myntra,21.0,42000.0
2026-01-24,36660216,myntra,19.0,18000.0
2026-01-24,36921822,myntra,1.0,1750.0
2026-01-24,36921823,myntra,1.0,2150.0
2026-01-24,37736866,myntra,2.0,2000.0
2026-01-24,38223073,myntra,2.0,2300.0
2026-01-24,38249058,myntra,4.0,4600.0
2026-01-24,07e74fc5-7ecd-43d8-a3a8-6b6cd221026a,zepto,35.0,29645.0
2026-01-24,32680322-fb74-4724-90e6-5377faa630a3,zepto,6.0,2994.0
2026-01-24,3fa4c1a5-3183-4619-8774-491e2fd1008a,zepto,17.0,13583.0
2026-01-24,566390e5-d7b4-44ab-86da-1778dafb8d73,zepto,1.0,899.0
2026-01-24,7e19b7c9-a5d1-4988-b7ff-9f697f6f9179,zepto,8.0,9200.0
2026-01-24,8c73352d-6fa5-4bb0-862c-32e173ecacc1,zepto,7.0,6993.0
2026-01-24,94930f70-e21f-4103-9bf8-9f3330478fa7,zepto,6.0,7194.0
2026-01-24,INDEW00000003,nykaa,230.0,164298.98
2026-01-24,INDEW00000010,nykaa,46.0,44758.29
2026-01-24,INDEW00000011,nykaa,86.0,121328.25
2026-01-24,INDEW00000014,nykaa,88.0,56368.67
2026-01-24,INDEW00000015,nykaa,3.0,4412.75
2026-01-24,INDEW00000018,nykaa,10.0,6649.8
2026-01-24,INDEW00000019,nykaa,5.0,3591.39
2026-01-24,INDEW00000020,nykaa,6.0,9991.86
2026-01-24,INDEW00000022,nykaa,1.0,764.0
2026-01-24,INDEW00000023,nykaa,71.0,25669.04
2026-01-24,INDEW00000024,nykaa,9.0,4045.19
2026-01-24,INDEW00000026,nykaa,41.0,29803.26
2026-01-24,INDEW00000034,nykaa,39.0,28284.06
2026-01-24,INDEW00000035,nykaa,2.0,3152.0
2026-01-24,INDEW00000036,nykaa,22.0,16101.42
2026-01-24,INDEW00000043,nykaa,68.0,62639.94
2026-01-24,INDEW00000044,nykaa,100.0,91774.13
2026-01-24,INDEW00000049,nykaa,53.0,42854.96
2026-01-24,b3813904-2242-465e-b98c-73097e659bae,zepto,1.0,1970.0
2026-01-24,c2ff7e40-7934-4be9-a386-7fd3df6b8c80,zepto,6.0,5388.0
2026-01-24,dbe46b05-cccd-4532-96e1-1f046035ed26,zepto,2.0,2300.0
2026-01-24,e4a7998c-9073-45a0-9d8c-a8747e811f06,zepto,14.0,4970.0
2026-01-25,10163011,blinkit,1.0,1970.0
2026-01-25,10163015,blinkit,32.0,38368.0
2026-01-25,10163019,blinkit,71.0,56729.0
2026-01-25,10163020,blinkit,110.0,94520.0
2026-01-25,10197331,blinkit,30.0,26970.0
2026-01-25,10197348,blinkit,2.0,1798.0
2026-01-25,10235296,blinkit,29.0,26042.0
2026-01-25,10266546,blinkit,22.0,21978.0
2026-01-25,10274128,blinkit,12.0,11988.0
2026-01-25,10277299,blinkit,19.0,21850.0
2026-01-25,10277303,blinkit,12.0,13800.0
2026-01-25,36658981,myntra,7.0,8390.0
2026-01-25,36659822,myntra,10.0,7990.0
2026-01-25,36659825,myntra,3.0,2700.0
2026-01-25,36659831,myntra,3.0,2700.0
2026-01-25,36659835,myntra,1.0,1970.0
2026-01-25,36660215,myntra,14.0,28000.0
2026-01-25,36660216,myntra,20.0,19000.0
2026-01-25,36921822,myntra,1.0,1750.0
2026-01-25,37736866,myntra,7.0,6990.0
2026-01-25,38249058,myntra,4.0,4600.0
2026-01-25,07e74fc5-7ecd-43d8-a3a8-6b6cd221026a,zepto,29.0,24791.0
2026-01-25,32680322-fb74-4724-90e6-5377faa630a3,zepto,7.0,3493.0
2026-01-25,3fa4c1a5-3183-4619-8774-491e2fd1008a,zepto,17.0,13583.0
2026-01-25,4343c39f-d3bd-4310-8f14-12505e74428b,zepto,1.0,899.0
2026-01-25,566390e5-d7b4-44ab-86da-1778dafb8d73,zepto,1.0,899.0
2026-01-25,7e19b7c9-a5d1-4988-b7ff-9f697f6f9179,zepto,9.0,10350.0
2026-01-25,8c73352d-6fa5-4bb0-862c-32e173ecacc1,zepto,3.0,2997.0
2026-01-25,94930f70-e21f-4103-9bf8-9f3330478fa7,zepto,1.0,1199.0
2026-01-25,9e7b013e-5aff-4eb6-b474-ac94c392e348,zepto,1.0,849.0
2026-01-25,INDEW00000003,nykaa,283.0,202066.97
2026-01-25,INDEW00000010,nykaa,68.0,63883.28
2026-01-25,INDEW00000011,nykaa,87.0,119073.56
2026-01-25,INDEW00000014,nykaa,97.0,61521.61
2026-01-25,INDEW00000015,nykaa,8.0,11154.49
2026-01-25,INDEW00000018,nykaa,12.0,8155.07
2026-01-25,INDEW00000019,nykaa,11.0,8067.0
2026-01-25,INDEW00000020,nykaa,7.0,10787.08
2026-01-25,INDEW00000023,nykaa,75.0,26656.88
2026-01-25,INDEW00000024,nykaa,10.0,4484.64
2026-01-25,INDEW00000026,nykaa,44.0,32080.13
2026-01-25,INDEW00000034,nykaa,57.0,40914.91
2026-01-25,INDEW00000035,nykaa,9.0,13079.48
2026-01-25,INDEW00000036,nykaa,19.0,13400.24
2026-01-25,INDEW00000042,nykaa,6.0,7693.96
2026-01-25,INDEW00000043,nykaa,97.0,87310.98
2026-01-25,INDEW00000044,nykaa,138.0,125577.41
2026-01-25,INDEW00000049,nykaa,70.0,56099.62
2026-01-25,b3813904-2242-465e-b98c-73097e659bae,zepto,1.0,1970.0
2026-01-25,c2ff7e40-7934-4be9-a386-7fd3df6b8c80,zepto,3.0,2694.0
2026-01-25,dbe46b05-cccd-4532-96e1-1f046035ed26,zepto,5.0,5750.0
2026-01-25,e4a7998c-9073-45a0-9d8c-a8747e811f06,zepto,9.0,3195.0
2026-01-26,10163015,blinkit,41.0,49159.0
2026-01-26,10163019,blinkit,99.0,79101.0
2026-01-26,10163020,blinkit,110.0,95150.0
2026-01-26,10197331,blinkit,24.0,21576.0
2026-01-26,10197348,blinkit,2.0,1798.0
2026-01-26,10235296,blinkit,30.0,26940.0
2026-01-26,10266546,blinkit,15.0,14985.0
2026-01-26,10274128,blinkit,20.0,19980.0
2026-01-26,10277299,blinkit,15.0,17250.0
2026-01-26,10277303,blinkit,13.0,14950.0
2026-01-26,36658981,myntra,8.0,9590.0
2026-01-26,36659822,myntra,20.0,16000.0
2026-01-26,36659830,myntra,2.0,1800.0
2026-01-26,36659831,myntra,3.0,2700.0
2026-01-26,36659835,myntra,2.0,3940.0
2026-01-26,36660215,myntra,24.0,48000.0
2026-01-26,36660216,myntra,18.0,17100.0
2026-01-26,37736866,myntra,11.0,11000.0
2026-01-26,38223073,myntra,7.0,8050.0
2026-01-26,38249058,myntra,9.0,10400.0
2026-01-26,07e74fc5-7ecd-43d8-a3a8-6b6cd221026a,zepto,32.0,27218.0
2026-01-26,32680322-fb74-4724-90e6-5377faa630a3,zepto,3.0,1497.0
2026-01-26,3fa4c1a5-3183-4619-8774-491e2fd1008a,zepto,9.0,7191.0
2026-01-26,4343c39f-d3bd-4310-8f14-12505e74428b,zepto,1.0,899.0
2026-01-26,4f4fc324-38a3-48c7-ac4c-f6cdd0201001,zepto,1.0,1970.0
2026-01-26,7e19b7c9-a5d1-4988-b7ff-9f697f6f9179,zepto,16.0,18400.0
2026-01-26,8c73352d-6fa5-4bb0-862c-32e173ecacc1,zepto,1.0,999.0
2026-01-26,94930f70-e21f-4103-9bf8-9f3330478fa7,zepto,2.0,2398.0
2026-01-26,9e7b013e-5aff-4eb6-b474-ac94c392e348,zepto,2.0,1698.0
2026-01-26,INDEW00000003,nykaa,336.0,249835.44
2026-01-26,INDEW00000010,nykaa,56.0,55771.619999999995
2026-01-26,INDEW00000011,nykaa,118.0,182240.58
2026-01-26,INDEW00000014,nykaa,92.0,60517.78
2026-01-26,INDEW00000015,nykaa,7.0,11357.6
2026-01-26,INDEW00000018,nykaa,9.0,6235.99
2026-01-26,INDEW00000019,nykaa,7.0,4783.96
2026-01-26,INDEW00000020,nykaa,3.0,4752.12
2026-01-26,INDEW00000023,nykaa,91.0,32405.49
2026-01-26,INDEW00000024,nykaa,17.0,7326.42
2026-01-26,INDEW00000026,nykaa,36.0,26991.59
2026-01-26,INDEW00000034,nykaa,59.0,43055.17
2026-01-26,INDEW00000035,nykaa,3.0,5130.5
2026-01-26,INDEW00000036,nykaa,19.0,13895.18
2026-01-26,INDEW00000042,nykaa,4.0,5161.31
2026-01-26,INDEW00000043,nykaa,96.0,86880.93
2026-01-26,INDEW00000044,nykaa,131.0,122429.72
2026-01-26,INDEW00000049,nykaa,63.0,50022.48
2026-01-26,c2ff7e40-7934-4be9-a386-7fd3df6b8c80,zepto,8.0,7184.0
2026-01-26,dbe46b05-cccd-4532-96e1-1f046035ed26,zepto,3.0,3450.0
2026-01-26,e4a7998c-9073-45a0-9d8c-a8747e811f06,zepto,14.0,4970.0
2026-01-27,10163011,blinkit,1.0,1970.0
2026-01-27,10163015,blinkit,17.0,20383.0
2026-01-27,10163019,blinkit,45.0,35955.0
2026-01-27,10163020,blinkit,69.0,60651.0
2026-01-27,10197331,blinkit,26.0,23374.0
2026-01-27,10235296,blinkit,17.0,15266.0
2026-01-27,10266546,blinkit,22.0,21978.0
2026-01-27,10274128,blinkit,16.0,15984.0
2026-01-27,10277299,blinkit,12.0,13800.0
2026-01-27,10277303,blinkit,4.0,4600.0
2026-01-27,36658981,myntra,6.0,7190.0
2026-01-27,36659822,myntra,4.0,3200.0
2026-01-27,36659825,myntra,2.0,1800.0
2026-01-27,36659831,myntra,3.0,2700.0
2026-01-27,36659835,myntra,1.0,1970.0
2026-01-27,36660215,myntra,8.0,14700.0
2026-01-27,36660216,myntra,21.0,19900.0
2026-01-27,36921822,myntra,1.0,1750.0
2026-01-27,37736866,myntra,1.0,999.0
2026-01-27,38223073,myntra,1.0,1150.0
2026-01-27,38249058,myntra,1.0,1150.0
2026-01-27,07e74fc5-7ecd-43d8-a3a8-6b6cd221026a,zepto,25.0,21415.0
2026-01-27,32680322-fb74-4724-90e6-5377faa630a3,zepto,2.0,998.0
2026-01-27,3fa4c1a5-3183-4619-8774-491e2fd1008a,zepto,13.0,10387.0
2026-01-27,7e19b7c9-a5d1-4988-b7ff-9f697f6f9179,zepto,4.0,4600.0
2026-01-27,8c73352d-6fa5-4bb0-862c-32e173ecacc1,zepto,3.0,2997.0
2026-01-27,94930f70-e21f-4103-9bf8-9f3330478fa7,zepto,3.0,3597.0
2026-01-27,INDEW00000003,nykaa,167.0,130946.77
2026-01-27,INDEW00000010,nykaa,39.0,41280.56
2026-01-27,INDEW00000011,nykaa,49.0,82354.34
2026-01-27,INDEW00000014,nykaa,54.0,37088.2
2026-01-27,INDEW00000015,nykaa,5.0,8751.19
2026-01-27,INDEW00000018,nykaa,7.0,5112.98
2026-01-27,INDEW00000019,nykaa,7.0,5174.86
2026-01-27,INDEW00000020,nykaa,7.0,11829.66
2026-01-27,INDEW00000023,nykaa,54.0,20231.17
2026-01-27,INDEW00000024,nykaa,18.0,8488.24
2026-01-27,INDEW00000026,nykaa,25.0,20004.52
2026-01-27,INDEW00000034,nykaa,24.0,19145.4
2026-01-27,INDEW00000035,nykaa,5.0,8838.04
2026-01-27,INDEW00000036,nykaa,3.0,2263.22
2026-01-27,INDEW00000042,nykaa,1.0,1395.47
2026-01-27,INDEW00000043,nykaa,52.0,50585.74
2026-01-27,INDEW00000044,nykaa,73.0,72946.79
2026-01-27,INDEW00000049,nykaa,31.0,30657.11
2026-01-27,b3813904-2242-465e-b98c-73097e659bae,zepto,1.0,1970.0
2026-01-27,c2ff7e40-7934-4be9-a386-7fd3df6b8c80,zepto,4.0,3592.0
2026-01-27,dbe46b05-cccd-4532-96e1-1f046035ed26,zepto,1.0,1150.0
2026-01-27,e4a7998c-9073-45a0-9d8c-a8747e811f06,zepto,12.0,4260.0
2026-01-28,10163015,blinkit,19.0,22781.0
2026-01-28,10163019,blinkit,65.0,51935.0
2026-01-28,10163020,blinkit,73.0,63502.0
2026-01-28,10197331,blinkit,21.0,18879.0
2026-01-28,10197348,blinkit,1.0,899.0
2026-01-28,10235296,blinkit,17.0,15266.0
2026-01-28,10266546,blinkit,21.0,20979.0
2026-01-28,10274128,blinkit,19.0,18981.0
2026-01-28,10277299,blinkit,10.0,11500.0
2026-01-28,10277303,blinkit,4.0,4600.0
2026-01-28,36658981,myntra,6.0,7190.0
2026-01-28,36659822,myntra,7.0,5590.0
2026-01-28,36659825,myntra,3.0,2700.0
2026-01-28,36659830,myntra,1.0,899.0
2026-01-28,36659831,myntra,3.0,2700.0
2026-01-28,36660215,myntra,12.0,21600.0
2026-01-28,36660216,myntra,10.0,9490.0
2026-01-28,36921822,myntra,2.0,3500.0
2026-01-28,37736866,myntra,3.0,3000.0
2026-01-28,38223073,myntra,2.0,2300.0
2026-01-28,38249058,myntra,3.0,3450.0
2026-01-28,07e74fc5-7ecd-43d8-a3a8-6b6cd221026a,zepto,25.0,21625.0
2026-01-28,32680322-fb74-4724-90e6-5377faa630a3,zepto,5.0,2495.0
2026-01-28,3fa4c1a5-3183-4619-8774-491e2fd1008a,zepto,9.0,7191.0
2026-01-28,4f4fc324-38a3-48c7-ac4c-f6cdd0201001,zepto,2.0,3940.0
2026-01-28,7e19b7c9-a5d1-4988-b7ff-9f697f6f9179,zepto,12.0,13800.0
2026-01-28,8c73352d-6fa5-4bb0-862c-32e173ecacc1,zepto,5.0,4995.0
2026-01-28,94930f70-e21f-4103-9bf8-9f3330478fa7,zepto,2.0,2398.0
2026-01-28,9e7b013e-5aff-4eb6-b474-ac94c392e348,zepto,3.0,2547.0
2026-01-28,INDEW00000003,nykaa,172.0,131483.43
2026-01-28,INDEW00000010,nykaa,48.0,49899.64
2026-01-28,INDEW00000011,nykaa,53.0,89737.26
2026-01-28,INDEW00000014,nykaa,60.0,40180.17
2026-01-28,INDEW00000015,nykaa,5.0,8767.05
2026-01-28,INDEW00000018,nykaa,7.0,5126.33
2026-01-28,INDEW00000019,nykaa,3.0,2129.21
2026-01-28,INDEW00000020,nykaa,3.0,4811.76
2026-01-28,INDEW00000022,nykaa,1.0,809.0
2026-01-28,INDEW00000023,nykaa,55.0,19947.019999999997
2026-01-28,INDEW00000024,nykaa,17.0,7840.77
2026-01-28,INDEW00000026,nykaa,18.0,13452.04
2026-01-28,INDEW00000034,nykaa,28.0,21670.38
2026-01-28,INDEW00000035,nykaa,1.0,1728.6
2026-01-28,INDEW00000036,nykaa,7.0,5596.67
2026-01-28,INDEW00000042,nykaa,3.0,4169.51
2026-01-28,INDEW00000043,nykaa,60.0,58702.54
2026-01-28,INDEW00000044,nykaa,80.0,80393.22
2026-01-28,INDEW00000049,nykaa,35.0,33335.62
2026-01-28,c2ff7e40-7934-4be9-a386-7fd3df6b8c80,zepto,2.0,1796.0
2026-01-28,dbe46b05-cccd-4532-96e1-1f046035ed26,zepto,5.0,5750.0
2026-01-28,e4a7998c-9073-45a0-9d8c-a8747e811f06,zepto,13.0,4615.0
2026-01-29,10163011,blinkit,1.0,1970.0
2026-01-29,10163015,blinkit,22.0,26378.0
2026-01-29,10163019,blinkit,51.0,40749.0
2026-01-29,10163020,blinkit,73.0,62767.0
2026-01-29,10197331,blinkit,17.0,15283.0
2026-01-29,10197348,blinkit,1.0,899.0
2026-01-29,10235296,blinkit,15.0,13470.0
2026-01-29,10266546,blinkit,29.0,28971.0
2026-01-29,10274128,blinkit,17.0,16983.0
2026-01-29,10277299,blinkit,17.0,19550.0
2026-01-29,10277303,blinkit,8.0,9200.0
2026-01-29,36658981,myntra,6.0,7190.0
2026-01-29,36659822,myntra,7.0,5590.0
2026-01-29,36659825,myntra,3.0,2700.0
2026-01-29,36659831,myntra,2.0,1800.0
2026-01-29,36659835,myntra,2.0,3940.0
2026-01-29,36660215,myntra,4.0,7550.0
2026-01-29,36660216,myntra,16.0,15200.0
2026-01-29,37736866,myntra,3.0,3000.0
2026-01-29,38223073,myntra,2.0,2300.0
2026-01-29,38249058,myntra,3.0,3450.0
2026-01-29,07e74fc5-7ecd-43d8-a3a8-6b6cd221026a,zepto,21.0,17934.0
2026-01-29,32680322-fb74-4724-90e6-5377faa630a3,zepto,5.0,2495.0
2026-01-29,3fa4c1a5-3183-4619-8774-491e2fd1008a,zepto,17.0,13583.0
2026-01-29,4343c39f-d3bd-4310-8f14-12505e74428b,zepto,1.0,899.0
2026-01-29,566390e5-d7b4-44ab-86da-1778dafb8d73,zepto,1.0,899.0
2026-01-29,7e19b7c9-a5d1-4988-b7ff-9f697f6f9179,zepto,16.0,18400.0
2026-01-29,8c73352d-6fa5-4bb0-862c-32e173ecacc1,zepto,5.0,4995.0
2026-01-29,94930f70-e21f-4103-9bf8-9f3330478fa7,zepto,3.0,3597.0
2026-01-29,9e7b013e-5aff-4eb6-b474-ac94c392e348,zepto,2.0,1698.0
2026-01-29,INDEW00000003,nykaa,190.0,146033.21
2026-01-29,INDEW00000010,nykaa,51.0,53613.87
2026-01-29,INDEW00000011,nykaa,65.0,105223.95
2026-01-29,INDEW00000014,nykaa,48.0,32682.42
2026-01-29,INDEW00000015,nykaa,12.0,20421.65
2026-01-29,INDEW00000018,nykaa,6.0,4521.21
2026-01-29,INDEW00000019,nykaa,9.0,6651.47
2026-01-29,INDEW00000020,nykaa,1.0,1579.35
2026-01-29,INDEW00000023,nykaa,68.0,24895.56
2026-01-29,INDEW00000024,nykaa,13.0,5947.61
2026-01-29,INDEW00000026,nykaa,22.0,16949.83
2026-01-29,INDEW00000034,nykaa,33.0,26139.54
2026-01-29,INDEW00000035,nykaa,6.0,10617.82
2026-01-29,INDEW00000036,nykaa,6.0,4596.13
2026-01-29,INDEW00000042,nykaa,3.0,4089.96
2026-01-29,INDEW00000043,nykaa,54.0,51477.0
2026-01-29,INDEW00000044,nykaa,74.0,72354.68999999999
2026-01-29,INDEW00000049,nykaa,23.0,22203.49
2026-01-29,c2ff7e40-7934-4be9-a386-7fd3df6b8c80,zepto,6.0,5388.0
2026-01-29,dbe46b05-cccd-4532-96e1-1f046035ed26,zepto,12.0,13800.0
2026-01-29,e4a7998c-9073-45a0-9d8c-a8747e811f06,zepto,4.0,1420.0
2026-01-30,10163011,blinkit,1.0,1970.0
2026-01-30,10163015,blinkit,21.0,25179.0
2026-01-30,10163019,blinkit,55.0,43945.0
2026-01-30,10163020,blinkit,92.0,79013.0
2026-01-30,10197331,blinkit,15.0,13485.0
2026-01-30,10197348,blinkit,1.0,899.0
2026-01-30,10235296,blinkit,21.0,18858.0
2026-01-30,10266546,blinkit,22.0,21978.0
2026-01-30,10274128,blinkit,33.0,32967.0
2026-01-30,10277299,blinkit,10.0,11500.0
2026-01-30,10277303,blinkit,8.0,9200.0
2026-01-30,36658981,myntra,7.0,8390.0
2026-01-30,36659822,myntra,11.0,8790.0
2026-01-30,36659830,myntra,1.0,899.0
2026-01-30,36659835,myntra,2.0,3940.0
2026-01-30,36660216,myntra,24.0,22800.0
2026-01-30,36921822,myntra,1.0,1750.0
2026-01-30,36921823,myntra,1.0,2150.0
2026-01-30,37736866,myntra,1.0,999.0
2026-01-30,38223073,myntra,1.0,1150.0
2026-01-30,38249058,myntra,2.0,2300.0
2026-01-30,07e74fc5-7ecd-43d8-a3a8-6b6cd221026a,zepto,45.0,38295.0
2026-01-30,32680322-fb74-4724-90e6-5377faa630a3,zepto,12.0,5988.0
2026-01-30,3fa4c1a5-3183-4619-8774-491e2fd1008a,zepto,10.0,7990.0
2026-01-30,7e19b7c9-a5d1-4988-b7ff-9f697f6f9179,zepto,20.0,23000.0
2026-01-30,8c73352d-6fa5-4bb0-862c-32e173ecacc1,zepto,3.0,2997.0
2026-01-30,94930f70-e21f-4103-9bf8-9f3330478fa7,zepto,4.0,4796.0
2026-01-30,9e7b013e-5aff-4eb6-b474-ac94c392e348,zepto,23.0,19527.0
2026-01-30,INDEW00000003,nykaa,227.0,165906.18000000002
2026-01-30,INDEW00000010,nykaa,54.0,52609.99
2026-01-30,INDEW00000011,nykaa,91.0,129151.14
2026-01-30,INDEW00000014,nykaa,71.0,45588.0
2026-01-30,INDEW00000015,nykaa,10.0,14105.18
2026-01-30,INDEW00000018,nykaa,8.0,5597.99
2026-01-30,INDEW00000019,nykaa,8.0,5971.47
2026-01-30,INDEW00000020,nykaa,6.0,9746.23
2026-01-30,INDEW00000023,nykaa,81.0,28968.58
2026-01-30,INDEW00000024,nykaa,13.0,5901.46
2026-01-30,INDEW00000026,nykaa,41.0,30274.26
2026-01-30,INDEW00000034,nykaa,41.0,29842.3
2026-01-30,INDEW00000035,nykaa,9.0,13509.83
2026-01-30,INDEW00000036,nykaa,12.0,8753.41
2026-01-30,INDEW00000042,nykaa,4.0,5174.7
2026-01-30,INDEW00000043,nykaa,78.0,74007.72
2026-01-30,INDEW00000044,nykaa,92.0,88449.11
2026-01-30,INDEW00000049,nykaa,31.0,28859.27
2026-01-30,c2ff7e40-7934-4be9-a386-7fd3df6b8c80,zepto,8.0,7184.0
2026-01-30,dbe46b05-cccd-4532-96e1-1f046035ed26,zepto,12.0,13800.0
2026-01-30,e4a7998c-9073-45a0-9d8c-a8747e811f06,zepto,23.0,8165.0
2026-01-31,10163011,blinkit,1.0,1970.0
2026-01-31,10163015,blinkit,29.0,34771.0
2026-01-31,10163019,blinkit,51.0,40749.0
2026-01-31,10163020,blinkit,135.0,116355.0
2026-01-31,10197331,blinkit,19.0,17081.0
2026-01-31,10197348,blinkit,1.0,899.0
2026-01-31,10235296,blinkit,28.0,25144.0
2026-01-31,10266546,blinkit,19.0,18981.0
2026-01-31,10274128,blinkit,35.0,34965.0
2026-01-31,10277299,blinkit,14.0,16100.0
2026-01-31,10277303,blinkit,10.0,11500.0
2026-01-31,36658981,myntra,2.0,2400.0
2026-01-31,36659822,myntra,11.0,8790.0
2026-01-31,36659825,myntra,2.0,1800.0
2026-01-31,36659831,myntra,1.0,899.0
2026-01-31,36659835,myntra,3.0,5910.0
2026-01-31,36659836,myntra,2.0,3200.0
2026-01-31,36660215,myntra,18.0,32400.0
2026-01-31,36660216,myntra,23.0,21800.0
2026-01-31,37736866,myntra,1.0,999.0
2026-01-31,38223073,myntra,1.0,1150.0
2026-01-31,38249058,myntra,3.0,3450.0
2026-01-31,07e74fc5-7ecd-43d8-a3a8-6b6cd221026a,zepto,43.0,36607.0
2026-01-31,32680322-fb74-4724-90e6-5377faa630a3,zepto,6.0,2994.0
2026-01-31,3fa4c1a5-3183-4619-8774-491e2fd1008a,zepto,17.0,13583.0
2026-01-31,4343c39f-d3bd-4310-8f14-12505e74428b,zepto,2.0,1798.0
2026-01-31,4f4fc324-38a3-48c7-ac4c-f6cdd0201001,zepto,1.0,1970.0
2026-01-31,7e19b7c9-a5d1-4988-b7ff-9f697f6f9179,zepto,14.0,16100.0
2026-01-31,8c73352d-6fa5-4bb0-862c-32e173ecacc1,zepto,10.0,9990.0
2026-01-31,94930f70-e21f-4103-9bf8-9f3330478fa7,zepto,2.0,2398.0
2026-01-31,9e7b013e-5aff-4eb6-b474-ac94c392e348,zepto,9.0,7641.0
2026-01-31,INDEW00000003,nykaa,316.0,227916.97
2026-01-31,INDEW00000010,nykaa,80.0,75411.8
2026-01-31,INDEW00000011,nykaa,120.0,159749.68
2026-01-31,INDEW00000014,nykaa,88.0,55859.149999999994
2026-01-31,INDEW00000015,nykaa,14.0,20340.32
2026-01-31,INDEW00000018,nykaa,10.0,6696.49
2026-01-31,INDEW00000019,nykaa,7.0,5196.78
2026-01-31,INDEW00000020,nykaa,8.0,12210.85
2026-01-31,INDEW00000023,nykaa,85.0,30566.33
2026-01-31,INDEW00000024,nykaa,13.0,5699.23
2026-01-31,INDEW00000026,nykaa,43.0,30470.7
2026-01-31,INDEW00000034,nykaa,55.0,39413.32
2026-01-31,INDEW00000035,nykaa,4.0,6155.13
2026-01-31,INDEW00000036,nykaa,14.0,10035.7
2026-01-31,INDEW00000042,nykaa,3.0,4044.49
2026-01-31,INDEW00000043,nykaa,74.0,68417.16
2026-01-31,INDEW00000044,nykaa,96.0,90696.22
2026-01-31,INDEW00000049,nykaa,38.0,32956.34
2026-01-31,c2ff7e40-7934-4be9-a386-7fd3df6b8c80,zepto,8.0,7184.0
2026-01-31,dbe46b05-cccd-4532-96e1-1f046035ed26,zepto,12.0,13800.0
2026-01-31,e4a7998c-9073-45a0-9d8c-a8747e811f06,zepto,20.0,7100.0
